,Product_name,Prices,Description
0,"OPPO K12x 5G with 45W SUPERVOOC Charger In-The-Box (Breeze Blue, 128 GB)","₹12,999",6 GB RAM | 128 GB ROM | Expandable Upto 1 TB16.94 cm (6.67 inch) HD Display32MP + 2MP | 8MP Front Camera5100 mAh BatteryDimensity 6300 Processor1 Year Manufacturer Warranty for Device and 6 Months Manufacturer Warranty for Inbox Accessories
1,"OPPO K12x 5G with 45W SUPERVOOC Charger In-The-Box (Midnight Violet, 128 GB)","₹12,999",6 GB RAM | 128 GB ROM | Expandable Upto 1 TB16.94 cm (6.67 inch) HD Display32MP + 2MP | 8MP Front Camera5100 mAh BatteryDimensity 6300 Processor1 Year Manufacturer Warranty for Device and 6 Months Manufacturer Warranty for Inbox Accessories
2,"OPPO K12x 5G with 45W SUPERVOOC Charger In-The-Box (Feather Pink, 128 GB)","₹12,999",6 GB RAM | 128 GB ROM | Expandable Upto 1 TB16.94 cm (6.67 inch) HD Display32MP + 2MP | 8MP Front Camera5100 mAh BatteryDimensity 6300 Processor1 Year Manufacturer Warranty for Device and 6 Months Manufacturer Warranty for Inbox Accessories
3,"OPPO K12x 5G with 45W SUPERVOOC Charger In-The-Box (Breeze Blue, 256 GB)","₹15,999",8 GB RAM | 256 GB ROM | Expandable Upto 1 TB16.94 cm (6.67 inch) HD Display32MP + 2MP | 8MP Front Camera5100 mAh BatteryDimensity 6300 Processor1 Year Manufacturer Warranty for Device and 6 Months Manufacturer Warranty for Inbox Accessories
4,"OPPO K12x 5G with 45W SUPERVOOC Charger In-The-Box (Midnight Violet, 256 GB)","₹15,999",8 GB RAM | 256 GB ROM | Expandable Upto 1 TB16.94 cm (6.67 inch) HD Display32MP + 2MP | 8MP Front Camera5100 mAh BatteryDimensity 6300 Processor1 Year Manufacturer Warranty for Device and 6 Months Manufacturer Warranty for Inbox Accessories
5,"OPPO K12x 5G with 45W SUPERVOOC Charger In-The-Box (Feather Pink, 256 GB)","₹15,999",8 GB RAM | 256 GB ROM | Expandable Upto 1 TB16.94 cm (6.67 inch) HD Display32MP + 2MP | 8MP Front Camera5100 mAh BatteryDimensity 6300 Processor1 Year Manufacturer Warranty for Device and 6 Months Manufacturer Warranty for Inbox Accessories
6,"OPPO A3x 5G (Starlight White, 64 GB)","₹11,499",4 GB RAM | 64 GB ROM | Expandable Upto 2 TB16.94 cm (6.67 inch) HD+ Display8MP Rear Camera | 5MP Front Camera5100 mAh BatteryDimensity 6300 Processor1 Year Manufacturer Warranty for Device and 6 Months Manufacturer Warranty for Inbox Accessories
7,"OPPO F27 Pro+ (Dusk Pink, 128 GB)","₹25,999",8 GB RAM | 128 GB ROM17.02 cm (6.7 inch) Full HD+ Display64MP + 2MP | 8MP Front Camera5000 mAh BatteryDimensity 7050 Processor1 Year Manufacturer Warranty for Device and 6 Months Manufacturer Warranty for Inbox Accessories
8,"OPPO A3 5G (Ocean Blue, 128 GB)","₹15,999",6 GB RAM | 128 GB ROM | Expandable Upto 2 TB16.94 cm (6.67 inch) HD+ Display50MP Rear Camera | 5MP Front Camera5100 mAh BatteryDimensity 6300 Processor1 Year Manufacturer Warranty for Device and 6 Months Manufacturer Warranty for Inbox Accessories
9,"OPPO A59 5G (Starry Black, 128 GB)","₹13,999",4 GB RAM | 128 GB ROM | Expandable Upto 1 TB16.66 cm (6.56 inch) HD+ Display13MP + 2MP | 8MP Front Camera5000 mAh BatteryDimensity 6020 Processor1 Year Manufacturer Warranty for Phone and 6 Months Warranty for In the Box Accessories
10,"OPPO A78 (Aqua Green, 128 GB)","₹14,645",8 GB RAM | 128 GB ROM16.33 cm (6.43 inch) Full HD+ AMOLED Display50MP + 2MP | 8MP Front Camera5000 mAh BatterySnapdragon 680 Processor1 Year Manufacturer Warranty for Phone and 6 Months Warranty for In the Box Accessories
11,"OPPO A3 Pro 5G (Starry Black, 128 GB)","₹17,999",8 GB RAM | 128 GB ROM | Expandable Upto 1 TB16.94 cm (6.67 inch) Display50MP + 2MP | 8MP Front Camera5100 mAh BatteryDimensity 6300 5G Mobile Platform Processor1 Year Manufacturer Warranty for Device and 6 Months Manufacturer Warranty for Inbox Accessories
12,"OPPO Find X8 5G (Space Black, 256 GB)","₹69,999",12 GB RAM | 256 GB ROM16.74 cm (6.59 inch) Full HD+ AMOLED Display50MP + 50MP + 50MP | 32MP Front Camera5630 mAh BatteryDimensity 9400 Processor1 Year Manufacturer Warranty for Device and 6 Months Manufacturer Warranty for Inbox Accessories
13,"OPPO A59 5G (Starry Black, 128 GB)","₹15,499",6 GB RAM | 128 GB ROM | Expandable Upto 1 TB16.66 cm (6.56 inch) HD+ Display13MP + 2MP | 8MP Front Camera5000 mAh BatteryDimensity 6020 Processor1 Year Manufacturer Warranty for Phone and 6 Months Warranty for In the Box Accessories
14,"OPPO A59 5G (Silk Gold, 128 GB)","₹13,750",4 GB RAM | 128 GB ROM | Expandable Upto 1 TB16.66 cm (6.56 inch) HD+ Display13MP + 2MP | 8MP Front Camera5000 mAh BatteryDimensity 6020 Processor1 Year Manufacturer Warranty for Phone and 6 Months Warranty for In the Box Accessories
15,"OPPO A59 5G (Silk Gold, 128 GB)","₹14,999",6 GB RAM | 128 GB ROM | Expandable Upto 1 TB16.66 cm (6.56 inch) HD+ Display13MP + 2MP | 8MP Front Camera5000 mAh BatteryDimensity 6020 Processor1 Year Manufacturer Warranty for Phone and 6 Months Warranty for In the Box Accessories
16,"OPPO Find X8 5G (Space Black, 512 GB)","₹79,999",16 GB RAM | 512 GB ROM16.74 cm (6.59 inch) Full HD+ AMOLED Display50MP + 50MP + 50MP | 32MP Front Camera5630 mAh BatteryDimensity 9400 Processor1 Year Manufacturer Warranty for Device and 6 Months Manufacturer Warranty for Inbox Accessories
17,"OPPO Find X8 5G (Star Grey, 256 GB)","₹69,999",12 GB RAM | 256 GB ROM16.74 cm (6.59 inch) Full HD+ AMOLED Display50MP + 50MP + 50MP | 32MP Front Camera5630 mAh BatteryDimensity 9400 Processor1 Year Manufacturer Warranty for Device and 6 Months Manufacturer Warranty for Inbox Accessories
18,"OPPO Reno 12 Pro 5G (Manish Malhotra Limited Edition, 256 GB)","₹36,999",12 GB RAM | 256 GB ROM | Expandable Upto 1 TB17.02 cm (6.7 inch) Full HD+ Display50MP + 8MP + 50MP | 50MP Front Camera5000 mAh BatteryDimensity 7300 Energy Processor1 Year Manufacturer Warranty for Device and 6 Months Manufacturer Warranty for Inbox Accessories
19,"OPPO Reno13 5G (Ivory White, 256 GB)","₹39,999",8 GB RAM | 256 GB ROM16.74 cm (6.59 inch) Display50MP + 8MP + 2MP | 50MP Front Camera5600 mAh BatteryDimensity 8350 Processor1 Year Warranty on Handset and 6 Months Warranty on Accessories
20,"OPPO Reno13 Pro 5G (Mist Lavender, 256 GB)","₹49,999",12 GB RAM | 256 GB ROM17.35 cm (6.83 inch) Display50MP + 50MP + 8MP | 50MP Front Camera5800 mAh BatteryDimensity 8350 Processor1 Year Warranty on Handset and 6 Months Warranty on Accessories
21,"OPPO Reno13 5G (Ivory White, 128 GB)","₹37,999",8 GB RAM | 128 GB ROM16.74 cm (6.59 inch) Display50MP + 8MP + 2MP | 50MP Front Camera5600 mAh BatteryDimensity 8350 Processor1 Year Warranty on Handset and 6 Months Warranty on Accessories
22,"OPPO Reno13 5G (Luminous Blue, 256 GB)","₹39,999",8 GB RAM | 256 GB ROM16.74 cm (6.59 inch) Display50MP + 8MP + 2MP | 50MP Front Camera5600 mAh BatteryDimensity 8350 Processor1 Year Warranty on Handset and 6 Months Warranty on Accessories
23,"OPPO Reno13 5G (Luminous Blue, 128 GB)","₹37,999",8 GB RAM | 128 GB ROM16.74 cm (6.59 inch) Display50MP + 8MP + 2MP | 50MP Front Camera5600 mAh BatteryDimensity 8350 Processor1 Year Warranty on Handset and 6 Months Warranty on Accessories
24,"OPPO K12x 5G with 45W SUPERVOOC Charger In-The-Box (Breeze Blue, 128 GB)","₹12,999",6 GB RAM | 128 GB ROM | Expandable Upto 1 TB16.94 cm (6.67 inch) HD Display32MP + 2MP | 8MP Front Camera5100 mAh BatteryDimensity 6300 Processor1 Year Manufacturer Warranty for Device and 6 Months Manufacturer Warranty for Inbox Accessories
25,"OPPO K12x 5G with 45W SUPERVOOC Charger In-The-Box (Midnight Violet, 128 GB)","₹12,999",6 GB RAM | 128 GB ROM | Expandable Upto 1 TB16.94 cm (6.67 inch) HD Display32MP + 2MP | 8MP Front Camera5100 mAh BatteryDimensity 6300 Processor1 Year Manufacturer Warranty for Device and 6 Months Manufacturer Warranty for Inbox Accessories
26,"OPPO K12x 5G with 45W SUPERVOOC Charger In-The-Box (Midnight Violet, 256 GB)","₹15,999",8 GB RAM | 256 GB ROM | Expandable Upto 1 TB16.94 cm (6.67 inch) HD Display32MP + 2MP | 8MP Front Camera5100 mAh BatteryDimensity 6300 Processor1 Year Manufacturer Warranty for Device and 6 Months Manufacturer Warranty for Inbox Accessories
27,"OPPO K12x 5G with 45W SUPERVOOC Charger In-The-Box (Breeze Blue, 256 GB)","₹15,999",8 GB RAM | 256 GB ROM | Expandable Upto 1 TB16.94 cm (6.67 inch) HD Display32MP + 2MP | 8MP Front Camera5100 mAh BatteryDimensity 6300 Processor1 Year Manufacturer Warranty for Device and 6 Months Manufacturer Warranty for Inbox Accessories
28,"OPPO K12x 5G with 45W SUPERVOOC Charger In-The-Box (Feather Pink, 128 GB)","₹12,999",6 GB RAM | 128 GB ROM | Expandable Upto 1 TB16.94 cm (6.67 inch) HD Display32MP + 2MP | 8MP Front Camera5100 mAh BatteryDimensity 6300 Processor1 Year Manufacturer Warranty for Device and 6 Months Manufacturer Warranty for Inbox Accessories
29,"OPPO K12x 5G with 45W SUPERVOOC Charger In-The-Box (Feather Pink, 256 GB)","₹15,999",8 GB RAM | 256 GB ROM | Expandable Upto 1 TB16.94 cm (6.67 inch) HD Display32MP + 2MP | 8MP Front Camera5100 mAh BatteryDimensity 6300 Processor1 Year Manufacturer Warranty for Device and 6 Months Manufacturer Warranty for Inbox Accessories
30,"OPPO A3x 5G (Starlight White, 64 GB)","₹11,499",4 GB RAM | 64 GB ROM | Expandable Upto 2 TB16.94 cm (6.67 inch) HD+ Display8MP Rear Camera | 5MP Front Camera5100 mAh BatteryDimensity 6300 Processor1 Year Manufacturer Warranty for Device and 6 Months Manufacturer Warranty for Inbox Accessories
31,"OPPO F27 Pro+ (Dusk Pink, 128 GB)","₹25,999",8 GB RAM | 128 GB ROM17.02 cm (6.7 inch) Full HD+ Display64MP + 2MP | 8MP Front Camera5000 mAh BatteryDimensity 7050 Processor1 Year Manufacturer Warranty for Device and 6 Months Manufacturer Warranty for Inbox Accessories
32,"OPPO A3 5G (Ocean Blue, 128 GB)","₹15,999",6 GB RAM | 128 GB ROM | Expandable Upto 2 TB16.94 cm (6.67 inch) HD+ Display50MP Rear Camera | 5MP Front Camera5100 mAh BatteryDimensity 6300 Processor1 Year Manufacturer Warranty for Device and 6 Months Manufacturer Warranty for Inbox Accessories
33,"OPPO A3 Pro 5G (Starry Black, 128 GB)","₹17,999",8 GB RAM | 128 GB ROM | Expandable Upto 1 TB16.94 cm (6.67 inch) Display50MP + 2MP | 8MP Front Camera5100 mAh BatteryDimensity 6300 5G Mobile Platform Processor1 Year Manufacturer Warranty for Device and 6 Months Manufacturer Warranty for Inbox Accessories
34,"OPPO A59 5G (Silk Gold, 128 GB)","₹13,750",4 GB RAM | 128 GB ROM | Expandable Upto 1 TB16.66 cm (6.56 inch) HD+ Display13MP + 2MP | 8MP Front Camera5000 mAh BatteryDimensity 6020 Processor1 Year Manufacturer Warranty for Phone and 6 Months Warranty for In the Box Accessories
35,"OPPO A59 5G (Silk Gold, 128 GB)","₹14,999",6 GB RAM | 128 GB ROM | Expandable Upto 1 TB16.66 cm (6.56 inch) HD+ Display13MP + 2MP | 8MP Front Camera5000 mAh BatteryDimensity 6020 Processor1 Year Manufacturer Warranty for Phone and 6 Months Warranty for In the Box Accessories
36,"OPPO Find X8 5G (Space Black, 512 GB)","₹79,999",16 GB RAM | 512 GB ROM16.74 cm (6.59 inch) Full HD+ AMOLED Display50MP + 50MP + 50MP | 32MP Front Camera5630 mAh BatteryDimensity 9400 Processor1 Year Manufacturer Warranty for Device and 6 Months Manufacturer Warranty for Inbox Accessories
37,"OPPO A59 5G (Starry Black, 128 GB)","₹15,499",6 GB RAM | 128 GB ROM | Expandable Upto 1 TB16.66 cm (6.56 inch) HD+ Display13MP + 2MP | 8MP Front Camera5000 mAh BatteryDimensity 6020 Processor1 Year Manufacturer Warranty for Phone and 6 Months Warranty for In the Box Accessories
38,"OPPO Reno 12 Pro 5G (Manish Malhotra Limited Edition, 256 GB)","₹36,999",12 GB RAM | 256 GB ROM | Expandable Upto 1 TB17.02 cm (6.7 inch) Full HD+ Display50MP + 8MP + 50MP | 50MP Front Camera5000 mAh BatteryDimensity 7300 Energy Processor1 Year Manufacturer Warranty for Device and 6 Months Manufacturer Warranty for Inbox Accessories
39,"OPPO Find X8 5G (Space Black, 256 GB)","₹69,999",12 GB RAM | 256 GB ROM16.74 cm (6.59 inch) Full HD+ AMOLED Display50MP + 50MP + 50MP | 32MP Front Camera5630 mAh BatteryDimensity 9400 Processor1 Year Manufacturer Warranty for Device and 6 Months Manufacturer Warranty for Inbox Accessories
40,"OPPO A3 5G (Nebula Red, 128 GB)","₹15,999",6 GB RAM | 128 GB ROM | Expandable Upto 2 TB16.94 cm (6.67 inch) HD+ Display50MP Rear Camera | 5MP Front Camera5100 mAh BatteryDimensity 6300 Processor1 Year Manufacturer Warranty for Device and 6 Months Manufacturer Warranty for Inbox Accessories
41,"OPPO Find X8 5G (Star Grey, 256 GB)","₹69,999",12 GB RAM | 256 GB ROM16.74 cm (6.59 inch) Full HD+ AMOLED Display50MP + 50MP + 50MP | 32MP Front Camera5630 mAh BatteryDimensity 9400 Processor1 Year Manufacturer Warranty for Device and 6 Months Manufacturer Warranty for Inbox Accessories
42,"OPPO A79 5G (Glowing Green, 128 GB)","₹17,499","8 GB RAM | 128 GB ROM | Expandable Upto 1 TB17.07 cm (6.72 inch) Full HD+ DisplayRear Camera: 50MP AI Camera, 2MP Portrait Camera Front Camera: 8MP Selfie Camera | 8MP Front Camera5000 mAh Lithium Polymer BatteryMediatek Dimensity 6020 ProcessorBefore going on the market, the product has gone through 6 tests, namely drop, anti-splash, radiation, weather, slight drop, and signal tests, and 5 safety protection steps, namely durability, fire and flame retardant, temperature protection, noise safety, and battery protection. 50-plus production-related checks, 130-plus ultra-stringent reliability tests, and 320-plus comprehensive testing processes, just to provide OPPO enduring craftsmanship and quality.
[1-Meter Directional Drop Test]
[150-Circle Tumbling Test]
[14,000 Micro-Drop Test]
[Water-Spray Test]
[1,000 25Kg Soft Pressure Tests]
[Stress Bending Test]
[500,000 On Button Press Tests]
[20,000 USB Plug/Unplug Tests]
[65°C 95%RH 168H High Temperature and High Humidity Test]
[100,000-Plus Rigorous Quality Tests]
* The data here refers to laboratory test data only and is not intended for quality assurance in daily use. The actual situation will be slightly different due to different test software versions, test environments, and versions.12 Months on Handset and 6 Months on Adapter & Cable"
43,"OPPO A3x (Nebula Red, 128 GB)","₹9,999",4 GB RAM | 128 GB ROM | Expandable Upto 1 TB16.94 cm (6.67 inch) HD+ Display8MP Rear Camera | 5MP Front Camera5100 mAh Battery6s 4G Gen1 Processor1 Year Manufacturer Warranty for Device and 6 Months Manufacturer Warranty for Inbox Accessories
44,"OPPO Reno 12 5G (Astro Silver, 256 GB)","₹32,999",8 GB RAM | 256 GB ROM | Expandable Upto 1 TB17.02 cm (6.7 inch) Full HD+ Display50MP + 8MP + 2MP | 32MP Front Camera5000 mAh BatteryDimensity 7300 Energy Processor1 Year Manufacturer Warranty for Device and 6 Months Manufacturer Warranty for Inbox Accessories
45,"OPPO F27 5G (Amber Orange, 256 GB)","₹22,999",8 GB RAM | 256 GB ROM | Expandable Upto 2 TB16.94 cm (6.67 inch) Full HD+ Display50MP + 2MP | 32MP Front Camera5000 mAh BatteryDimensity 6300 Processor1 Year Manufacturer Warranty for Device and 6 Months Manufacturer Warranty for Inbox Accessories
46,"OPPO A3 Pro 5G (Moonlight Purple, 128 GB)","₹17,999",8 GB RAM | 128 GB ROM | Expandable Upto 1 TB16.94 cm (6.67 inch) Display50MP + 2MP | 8MP Front Camera5100 mAh BatteryDimensity 6300 5G Mobile Platform Processor1 Year Manufacturer Warranty for Device and 6 Months Manufacturer Warranty for Inbox Accessories
47,"OPPO F27 Pro+ (Midnight Navy, 256 GB)","₹27,999",8 GB RAM | 256 GB ROM17.02 cm (6.7 inch) Full HD+ Display64MP + 2MP | 8MP Front Camera5000 mAh BatteryDimensity 7050 Processor1 Year Manufacturer Warranty for Device and 6 Months Manufacturer Warranty for Inbox Accessories
48,"OPPO K12x 5G with 45W SUPERVOOC Charger In-The-Box (Breeze Blue, 128 GB)","₹12,999",6 GB RAM | 128 GB ROM | Expandable Upto 1 TB16.94 cm (6.67 inch) HD Display32MP + 2MP | 8MP Front Camera5100 mAh BatteryDimensity 6300 Processor1 Year Manufacturer Warranty for Device and 6 Months Manufacturer Warranty for Inbox Accessories
49,"OPPO K12x 5G with 45W SUPERVOOC Charger In-The-Box (Midnight Violet, 128 GB)","₹12,999",6 GB RAM | 128 GB ROM | Expandable Upto 1 TB16.94 cm (6.67 inch) HD Display32MP + 2MP | 8MP Front Camera5100 mAh BatteryDimensity 6300 Processor1 Year Manufacturer Warranty for Device and 6 Months Manufacturer Warranty for Inbox Accessories
50,"OPPO K12x 5G with 45W SUPERVOOC Charger In-The-Box (Midnight Violet, 256 GB)","₹15,999",8 GB RAM | 256 GB ROM | Expandable Upto 1 TB16.94 cm (6.67 inch) HD Display32MP + 2MP | 8MP Front Camera5100 mAh BatteryDimensity 6300 Processor1 Year Manufacturer Warranty for Device and 6 Months Manufacturer Warranty for Inbox Accessories
51,"OPPO K12x 5G with 45W SUPERVOOC Charger In-The-Box (Breeze Blue, 256 GB)","₹15,999",8 GB RAM | 256 GB ROM | Expandable Upto 1 TB16.94 cm (6.67 inch) HD Display32MP + 2MP | 8MP Front Camera5100 mAh BatteryDimensity 6300 Processor1 Year Manufacturer Warranty for Device and 6 Months Manufacturer Warranty for Inbox Accessories
52,"OPPO K12x 5G with 45W SUPERVOOC Charger In-The-Box (Feather Pink, 128 GB)","₹12,999",6 GB RAM | 128 GB ROM | Expandable Upto 1 TB16.94 cm (6.67 inch) HD Display32MP + 2MP | 8MP Front Camera5100 mAh BatteryDimensity 6300 Processor1 Year Manufacturer Warranty for Device and 6 Months Manufacturer Warranty for Inbox Accessories
53,"OPPO K12x 5G with 45W SUPERVOOC Charger In-The-Box (Feather Pink, 256 GB)","₹15,999",8 GB RAM | 256 GB ROM | Expandable Upto 1 TB16.94 cm (6.67 inch) HD Display32MP + 2MP | 8MP Front Camera5100 mAh BatteryDimensity 6300 Processor1 Year Manufacturer Warranty for Device and 6 Months Manufacturer Warranty for Inbox Accessories
54,"OPPO A3x 5G (Starlight White, 64 GB)","₹11,499",4 GB RAM | 64 GB ROM | Expandable Upto 2 TB16.94 cm (6.67 inch) HD+ Display8MP Rear Camera | 5MP Front Camera5100 mAh BatteryDimensity 6300 Processor1 Year Manufacturer Warranty for Device and 6 Months Manufacturer Warranty for Inbox Accessories
55,"OPPO F27 Pro+ (Dusk Pink, 128 GB)","₹25,999",8 GB RAM | 128 GB ROM17.02 cm (6.7 inch) Full HD+ Display64MP + 2MP | 8MP Front Camera5000 mAh BatteryDimensity 7050 Processor1 Year Manufacturer Warranty for Device and 6 Months Manufacturer Warranty for Inbox Accessories
56,"OPPO A3 5G (Ocean Blue, 128 GB)","₹15,999",6 GB RAM | 128 GB ROM | Expandable Upto 2 TB16.94 cm (6.67 inch) HD+ Display50MP Rear Camera | 5MP Front Camera5100 mAh BatteryDimensity 6300 Processor1 Year Manufacturer Warranty for Device and 6 Months Manufacturer Warranty for Inbox Accessories
57,"OPPO A3 Pro 5G (Starry Black, 128 GB)","₹17,999",8 GB RAM | 128 GB ROM | Expandable Upto 1 TB16.94 cm (6.67 inch) Display50MP + 2MP | 8MP Front Camera5100 mAh BatteryDimensity 6300 5G Mobile Platform Processor1 Year Manufacturer Warranty for Device and 6 Months Manufacturer Warranty for Inbox Accessories
58,"OPPO A59 5G (Silk Gold, 128 GB)","₹13,750",4 GB RAM | 128 GB ROM | Expandable Upto 1 TB16.66 cm (6.56 inch) HD+ Display13MP + 2MP | 8MP Front Camera5000 mAh BatteryDimensity 6020 Processor1 Year Manufacturer Warranty for Phone and 6 Months Warranty for In the Box Accessories
59,"OPPO A59 5G (Silk Gold, 128 GB)","₹14,999",6 GB RAM | 128 GB ROM | Expandable Upto 1 TB16.66 cm (6.56 inch) HD+ Display13MP + 2MP | 8MP Front Camera5000 mAh BatteryDimensity 6020 Processor1 Year Manufacturer Warranty for Phone and 6 Months Warranty for In the Box Accessories
60,"OPPO Find X8 5G (Space Black, 512 GB)","₹79,999",16 GB RAM | 512 GB ROM16.74 cm (6.59 inch) Full HD+ AMOLED Display50MP + 50MP + 50MP | 32MP Front Camera5630 mAh BatteryDimensity 9400 Processor1 Year Manufacturer Warranty for Device and 6 Months Manufacturer Warranty for Inbox Accessories
61,"OPPO A59 5G (Starry Black, 128 GB)","₹15,499",6 GB RAM | 128 GB ROM | Expandable Upto 1 TB16.66 cm (6.56 inch) HD+ Display13MP + 2MP | 8MP Front Camera5000 mAh BatteryDimensity 6020 Processor1 Year Manufacturer Warranty for Phone and 6 Months Warranty for In the Box Accessories
62,"OPPO Reno 12 Pro 5G (Manish Malhotra Limited Edition, 256 GB)","₹36,999",12 GB RAM | 256 GB ROM | Expandable Upto 1 TB17.02 cm (6.7 inch) Full HD+ Display50MP + 8MP + 50MP | 50MP Front Camera5000 mAh BatteryDimensity 7300 Energy Processor1 Year Manufacturer Warranty for Device and 6 Months Manufacturer Warranty for Inbox Accessories
63,"OPPO Find X8 5G (Space Black, 256 GB)","₹69,999",12 GB RAM | 256 GB ROM16.74 cm (6.59 inch) Full HD+ AMOLED Display50MP + 50MP + 50MP | 32MP Front Camera5630 mAh BatteryDimensity 9400 Processor1 Year Manufacturer Warranty for Device and 6 Months Manufacturer Warranty for Inbox Accessories
64,"OPPO A3 5G (Nebula Red, 128 GB)","₹15,999",6 GB RAM | 128 GB ROM | Expandable Upto 2 TB16.94 cm (6.67 inch) HD+ Display50MP Rear Camera | 5MP Front Camera5100 mAh BatteryDimensity 6300 Processor1 Year Manufacturer Warranty for Device and 6 Months Manufacturer Warranty for Inbox Accessories
65,"OPPO Find X8 5G (Star Grey, 256 GB)","₹69,999",12 GB RAM | 256 GB ROM16.74 cm (6.59 inch) Full HD+ AMOLED Display50MP + 50MP + 50MP | 32MP Front Camera5630 mAh BatteryDimensity 9400 Processor1 Year Manufacturer Warranty for Device and 6 Months Manufacturer Warranty for Inbox Accessories
66,"OPPO A79 5G (Glowing Green, 128 GB)","₹17,499","8 GB RAM | 128 GB ROM | Expandable Upto 1 TB17.07 cm (6.72 inch) Full HD+ DisplayRear Camera: 50MP AI Camera, 2MP Portrait Camera Front Camera: 8MP Selfie Camera | 8MP Front Camera5000 mAh Lithium Polymer BatteryMediatek Dimensity 6020 ProcessorBefore going on the market, the product has gone through 6 tests, namely drop, anti-splash, radiation, weather, slight drop, and signal tests, and 5 safety protection steps, namely durability, fire and flame retardant, temperature protection, noise safety, and battery protection. 50-plus production-related checks, 130-plus ultra-stringent reliability tests, and 320-plus comprehensive testing processes, just to provide OPPO enduring craftsmanship and quality.
[1-Meter Directional Drop Test]
[150-Circle Tumbling Test]
[14,000 Micro-Drop Test]
[Water-Spray Test]
[1,000 25Kg Soft Pressure Tests]
[Stress Bending Test]
[500,000 On Button Press Tests]
[20,000 USB Plug/Unplug Tests]
[65°C 95%RH 168H High Temperature and High Humidity Test]
[100,000-Plus Rigorous Quality Tests]
* The data here refers to laboratory test data only and is not intended for quality assurance in daily use. The actual situation will be slightly different due to different test software versions, test environments, and versions.12 Months on Handset and 6 Months on Adapter & Cable"
67,"OPPO A3x (Nebula Red, 128 GB)","₹9,999",4 GB RAM | 128 GB ROM | Expandable Upto 1 TB16.94 cm (6.67 inch) HD+ Display8MP Rear Camera | 5MP Front Camera5100 mAh Battery6s 4G Gen1 Processor1 Year Manufacturer Warranty for Device and 6 Months Manufacturer Warranty for Inbox Accessories
68,"OPPO Reno 12 5G (Astro Silver, 256 GB)","₹32,999",8 GB RAM | 256 GB ROM | Expandable Upto 1 TB17.02 cm (6.7 inch) Full HD+ Display50MP + 8MP + 2MP | 32MP Front Camera5000 mAh BatteryDimensity 7300 Energy Processor1 Year Manufacturer Warranty for Device and 6 Months Manufacturer Warranty for Inbox Accessories
69,"OPPO F27 5G (Amber Orange, 256 GB)","₹22,999",8 GB RAM | 256 GB ROM | Expandable Upto 2 TB16.94 cm (6.67 inch) Full HD+ Display50MP + 2MP | 32MP Front Camera5000 mAh BatteryDimensity 6300 Processor1 Year Manufacturer Warranty for Device and 6 Months Manufacturer Warranty for Inbox Accessories
70,"OPPO A3 Pro 5G (Moonlight Purple, 128 GB)","₹17,999",8 GB RAM | 128 GB ROM | Expandable Upto 1 TB16.94 cm (6.67 inch) Display50MP + 2MP | 8MP Front Camera5100 mAh BatteryDimensity 6300 5G Mobile Platform Processor1 Year Manufacturer Warranty for Device and 6 Months Manufacturer Warranty for Inbox Accessories
71,"OPPO F27 Pro+ (Midnight Navy, 256 GB)","₹27,999",8 GB RAM | 256 GB ROM17.02 cm (6.7 inch) Full HD+ Display64MP + 2MP | 8MP Front Camera5000 mAh BatteryDimensity 7050 Processor1 Year Manufacturer Warranty for Device and 6 Months Manufacturer Warranty for Inbox Accessories
72,"OPPO K12x 5G with 45W SUPERVOOC Charger In-The-Box (Breeze Blue, 128 GB)","₹12,999",6 GB RAM | 128 GB ROM | Expandable Upto 1 TB16.94 cm (6.67 inch) HD Display32MP + 2MP | 8MP Front Camera5100 mAh BatteryDimensity 6300 Processor1 Year Manufacturer Warranty for Device and 6 Months Manufacturer Warranty for Inbox Accessories
73,"OPPO K12x 5G with 45W SUPERVOOC Charger In-The-Box (Midnight Violet, 128 GB)","₹12,999",6 GB RAM | 128 GB ROM | Expandable Upto 1 TB16.94 cm (6.67 inch) HD Display32MP + 2MP | 8MP Front Camera5100 mAh BatteryDimensity 6300 Processor1 Year Manufacturer Warranty for Device and 6 Months Manufacturer Warranty for Inbox Accessories
74,"OPPO K12x 5G with 45W SUPERVOOC Charger In-The-Box (Midnight Violet, 256 GB)","₹15,999",8 GB RAM | 256 GB ROM | Expandable Upto 1 TB16.94 cm (6.67 inch) HD Display32MP + 2MP | 8MP Front Camera5100 mAh BatteryDimensity 6300 Processor1 Year Manufacturer Warranty for Device and 6 Months Manufacturer Warranty for Inbox Accessories
75,"OPPO K12x 5G with 45W SUPERVOOC Charger In-The-Box (Breeze Blue, 256 GB)","₹15,999",8 GB RAM | 256 GB ROM | Expandable Upto 1 TB16.94 cm (6.67 inch) HD Display32MP + 2MP | 8MP Front Camera5100 mAh BatteryDimensity 6300 Processor1 Year Manufacturer Warranty for Device and 6 Months Manufacturer Warranty for Inbox Accessories
76,"OPPO K12x 5G with 45W SUPERVOOC Charger In-The-Box (Feather Pink, 128 GB)","₹12,999",6 GB RAM | 128 GB ROM | Expandable Upto 1 TB16.94 cm (6.67 inch) HD Display32MP + 2MP | 8MP Front Camera5100 mAh BatteryDimensity 6300 Processor1 Year Manufacturer Warranty for Device and 6 Months Manufacturer Warranty for Inbox Accessories
77,"OPPO K12x 5G with 45W SUPERVOOC Charger In-The-Box (Feather Pink, 256 GB)","₹15,999",8 GB RAM | 256 GB ROM | Expandable Upto 1 TB16.94 cm (6.67 inch) HD Display32MP + 2MP | 8MP Front Camera5100 mAh BatteryDimensity 6300 Processor1 Year Manufacturer Warranty for Device and 6 Months Manufacturer Warranty for Inbox Accessories
78,"OPPO A3x 5G (Starlight White, 64 GB)","₹11,499",4 GB RAM | 64 GB ROM | Expandable Upto 2 TB16.94 cm (6.67 inch) HD+ Display8MP Rear Camera | 5MP Front Camera5100 mAh BatteryDimensity 6300 Processor1 Year Manufacturer Warranty for Device and 6 Months Manufacturer Warranty for Inbox Accessories
79,"OPPO F27 Pro+ (Dusk Pink, 128 GB)","₹25,999",8 GB RAM | 128 GB ROM17.02 cm (6.7 inch) Full HD+ Display64MP + 2MP | 8MP Front Camera5000 mAh BatteryDimensity 7050 Processor1 Year Manufacturer Warranty for Device and 6 Months Manufacturer Warranty for Inbox Accessories
80,"OPPO A3 5G (Ocean Blue, 128 GB)","₹15,999",6 GB RAM | 128 GB ROM | Expandable Upto 2 TB16.94 cm (6.67 inch) HD+ Display50MP Rear Camera | 5MP Front Camera5100 mAh BatteryDimensity 6300 Processor1 Year Manufacturer Warranty for Device and 6 Months Manufacturer Warranty for Inbox Accessories
81,"OPPO A3 Pro 5G (Starry Black, 128 GB)","₹17,999",8 GB RAM | 128 GB ROM | Expandable Upto 1 TB16.94 cm (6.67 inch) Display50MP + 2MP | 8MP Front Camera5100 mAh BatteryDimensity 6300 5G Mobile Platform Processor1 Year Manufacturer Warranty for Device and 6 Months Manufacturer Warranty for Inbox Accessories
82,"OPPO A59 5G (Silk Gold, 128 GB)","₹13,750",4 GB RAM | 128 GB ROM | Expandable Upto 1 TB16.66 cm (6.56 inch) HD+ Display13MP + 2MP | 8MP Front Camera5000 mAh BatteryDimensity 6020 Processor1 Year Manufacturer Warranty for Phone and 6 Months Warranty for In the Box Accessories
83,"OPPO A59 5G (Silk Gold, 128 GB)","₹14,999",6 GB RAM | 128 GB ROM | Expandable Upto 1 TB16.66 cm (6.56 inch) HD+ Display13MP + 2MP | 8MP Front Camera5000 mAh BatteryDimensity 6020 Processor1 Year Manufacturer Warranty for Phone and 6 Months Warranty for In the Box Accessories
84,"OPPO Find X8 5G (Space Black, 512 GB)","₹79,999",16 GB RAM | 512 GB ROM16.74 cm (6.59 inch) Full HD+ AMOLED Display50MP + 50MP + 50MP | 32MP Front Camera5630 mAh BatteryDimensity 9400 Processor1 Year Manufacturer Warranty for Device and 6 Months Manufacturer Warranty for Inbox Accessories
85,"OPPO A59 5G (Starry Black, 128 GB)","₹15,499",6 GB RAM | 128 GB ROM | Expandable Upto 1 TB16.66 cm (6.56 inch) HD+ Display13MP + 2MP | 8MP Front Camera5000 mAh BatteryDimensity 6020 Processor1 Year Manufacturer Warranty for Phone and 6 Months Warranty for In the Box Accessories
86,"OPPO Reno 12 Pro 5G (Manish Malhotra Limited Edition, 256 GB)","₹36,999",12 GB RAM | 256 GB ROM | Expandable Upto 1 TB17.02 cm (6.7 inch) Full HD+ Display50MP + 8MP + 50MP | 50MP Front Camera5000 mAh BatteryDimensity 7300 Energy Processor1 Year Manufacturer Warranty for Device and 6 Months Manufacturer Warranty for Inbox Accessories
87,"OPPO Find X8 5G (Space Black, 256 GB)","₹69,999",12 GB RAM | 256 GB ROM16.74 cm (6.59 inch) Full HD+ AMOLED Display50MP + 50MP + 50MP | 32MP Front Camera5630 mAh BatteryDimensity 9400 Processor1 Year Manufacturer Warranty for Device and 6 Months Manufacturer Warranty for Inbox Accessories
88,"OPPO A3 5G (Nebula Red, 128 GB)","₹15,999",6 GB RAM | 128 GB ROM | Expandable Upto 2 TB16.94 cm (6.67 inch) HD+ Display50MP Rear Camera | 5MP Front Camera5100 mAh BatteryDimensity 6300 Processor1 Year Manufacturer Warranty for Device and 6 Months Manufacturer Warranty for Inbox Accessories
89,"OPPO Find X8 5G (Star Grey, 256 GB)","₹69,999",12 GB RAM | 256 GB ROM16.74 cm (6.59 inch) Full HD+ AMOLED Display50MP + 50MP + 50MP | 32MP Front Camera5630 mAh BatteryDimensity 9400 Processor1 Year Manufacturer Warranty for Device and 6 Months Manufacturer Warranty for Inbox Accessories
90,"OPPO A79 5G (Glowing Green, 128 GB)","₹17,499","8 GB RAM | 128 GB ROM | Expandable Upto 1 TB17.07 cm (6.72 inch) Full HD+ DisplayRear Camera: 50MP AI Camera, 2MP Portrait Camera Front Camera: 8MP Selfie Camera | 8MP Front Camera5000 mAh Lithium Polymer BatteryMediatek Dimensity 6020 ProcessorBefore going on the market, the product has gone through 6 tests, namely drop, anti-splash, radiation, weather, slight drop, and signal tests, and 5 safety protection steps, namely durability, fire and flame retardant, temperature protection, noise safety, and battery protection. 50-plus production-related checks, 130-plus ultra-stringent reliability tests, and 320-plus comprehensive testing processes, just to provide OPPO enduring craftsmanship and quality.
[1-Meter Directional Drop Test]
[150-Circle Tumbling Test]
[14,000 Micro-Drop Test]
[Water-Spray Test]
[1,000 25Kg Soft Pressure Tests]
[Stress Bending Test]
[500,000 On Button Press Tests]
[20,000 USB Plug/Unplug Tests]
[65°C 95%RH 168H High Temperature and High Humidity Test]
[100,000-Plus Rigorous Quality Tests]
* The data here refers to laboratory test data only and is not intended for quality assurance in daily use. The actual situation will be slightly different due to different test software versions, test environments, and versions.12 Months on Handset and 6 Months on Adapter & Cable"
91,"OPPO A3x (Nebula Red, 128 GB)","₹9,999",4 GB RAM | 128 GB ROM | Expandable Upto 1 TB16.94 cm (6.67 inch) HD+ Display8MP Rear Camera | 5MP Front Camera5100 mAh Battery6s 4G Gen1 Processor1 Year Manufacturer Warranty for Device and 6 Months Manufacturer Warranty for Inbox Accessories
92,"OPPO Reno 12 5G (Astro Silver, 256 GB)","₹32,999",8 GB RAM | 256 GB ROM | Expandable Upto 1 TB17.02 cm (6.7 inch) Full HD+ Display50MP + 8MP + 2MP | 32MP Front Camera5000 mAh BatteryDimensity 7300 Energy Processor1 Year Manufacturer Warranty for Device and 6 Months Manufacturer Warranty for Inbox Accessories
93,"OPPO F27 5G (Amber Orange, 256 GB)","₹22,999",8 GB RAM | 256 GB ROM | Expandable Upto 2 TB16.94 cm (6.67 inch) Full HD+ Display50MP + 2MP | 32MP Front Camera5000 mAh BatteryDimensity 6300 Processor1 Year Manufacturer Warranty for Device and 6 Months Manufacturer Warranty for Inbox Accessories
94,"OPPO A3 Pro 5G (Moonlight Purple, 128 GB)","₹17,999",8 GB RAM | 128 GB ROM | Expandable Upto 1 TB16.94 cm (6.67 inch) Display50MP + 2MP | 8MP Front Camera5100 mAh BatteryDimensity 6300 5G Mobile Platform Processor1 Year Manufacturer Warranty for Device and 6 Months Manufacturer Warranty for Inbox Accessories
95,"OPPO F27 Pro+ (Midnight Navy, 256 GB)","₹27,999",8 GB RAM | 256 GB ROM17.02 cm (6.7 inch) Full HD+ Display64MP + 2MP | 8MP Front Camera5000 mAh BatteryDimensity 7050 Processor1 Year Manufacturer Warranty for Device and 6 Months Manufacturer Warranty for Inbox Accessories
96,"OPPO K12x 5G with 45W SUPERVOOC Charger In-The-Box (Breeze Blue, 128 GB)","₹12,999",6 GB RAM | 128 GB ROM | Expandable Upto 1 TB16.94 cm (6.67 inch) HD Display32MP + 2MP | 8MP Front Camera5100 mAh BatteryDimensity 6300 Processor1 Year Manufacturer Warranty for Device and 6 Months Manufacturer Warranty for Inbox Accessories
97,"OPPO K12x 5G with 45W SUPERVOOC Charger In-The-Box (Midnight Violet, 128 GB)","₹12,999",6 GB RAM | 128 GB ROM | Expandable Upto 1 TB16.94 cm (6.67 inch) HD Display32MP + 2MP | 8MP Front Camera5100 mAh BatteryDimensity 6300 Processor1 Year Manufacturer Warranty for Device and 6 Months Manufacturer Warranty for Inbox Accessories
98,"OPPO K12x 5G with 45W SUPERVOOC Charger In-The-Box (Midnight Violet, 256 GB)","₹15,999",8 GB RAM | 256 GB ROM | Expandable Upto 1 TB16.94 cm (6.67 inch) HD Display32MP + 2MP | 8MP Front Camera5100 mAh BatteryDimensity 6300 Processor1 Year Manufacturer Warranty for Device and 6 Months Manufacturer Warranty for Inbox Accessories
99,"OPPO K12x 5G with 45W SUPERVOOC Charger In-The-Box (Breeze Blue, 256 GB)","₹15,999",8 GB RAM | 256 GB ROM | Expandable Upto 1 TB16.94 cm (6.67 inch) HD Display32MP + 2MP | 8MP Front Camera5100 mAh BatteryDimensity 6300 Processor1 Year Manufacturer Warranty for Device and 6 Months Manufacturer Warranty for Inbox Accessories
100,"OPPO K12x 5G with 45W SUPERVOOC Charger In-The-Box (Feather Pink, 128 GB)","₹12,999",6 GB RAM | 128 GB ROM | Expandable Upto 1 TB16.94 cm (6.67 inch) HD Display32MP + 2MP | 8MP Front Camera5100 mAh BatteryDimensity 6300 Processor1 Year Manufacturer Warranty for Device and 6 Months Manufacturer Warranty for Inbox Accessories
101,"OPPO K12x 5G with 45W SUPERVOOC Charger In-The-Box (Feather Pink, 256 GB)","₹15,999",8 GB RAM | 256 GB ROM | Expandable Upto 1 TB16.94 cm (6.67 inch) HD Display32MP + 2MP | 8MP Front Camera5100 mAh BatteryDimensity 6300 Processor1 Year Manufacturer Warranty for Device and 6 Months Manufacturer Warranty for Inbox Accessories
102,"OPPO A3x 5G (Starlight White, 64 GB)","₹11,499",4 GB RAM | 64 GB ROM | Expandable Upto 2 TB16.94 cm (6.67 inch) HD+ Display8MP Rear Camera | 5MP Front Camera5100 mAh BatteryDimensity 6300 Processor1 Year Manufacturer Warranty for Device and 6 Months Manufacturer Warranty for Inbox Accessories
103,"OPPO F27 Pro+ (Dusk Pink, 128 GB)","₹25,999",8 GB RAM | 128 GB ROM17.02 cm (6.7 inch) Full HD+ Display64MP + 2MP | 8MP Front Camera5000 mAh BatteryDimensity 7050 Processor1 Year Manufacturer Warranty for Device and 6 Months Manufacturer Warranty for Inbox Accessories
104,"OPPO A3 5G (Ocean Blue, 128 GB)","₹15,999",6 GB RAM | 128 GB ROM | Expandable Upto 2 TB16.94 cm (6.67 inch) HD+ Display50MP Rear Camera | 5MP Front Camera5100 mAh BatteryDimensity 6300 Processor1 Year Manufacturer Warranty for Device and 6 Months Manufacturer Warranty for Inbox Accessories
105,"OPPO A3 Pro 5G (Starry Black, 128 GB)","₹17,999",8 GB RAM | 128 GB ROM | Expandable Upto 1 TB16.94 cm (6.67 inch) Display50MP + 2MP | 8MP Front Camera5100 mAh BatteryDimensity 6300 5G Mobile Platform Processor1 Year Manufacturer Warranty for Device and 6 Months Manufacturer Warranty for Inbox Accessories
106,"OPPO A59 5G (Silk Gold, 128 GB)","₹13,750",4 GB RAM | 128 GB ROM | Expandable Upto 1 TB16.66 cm (6.56 inch) HD+ Display13MP + 2MP | 8MP Front Camera5000 mAh BatteryDimensity 6020 Processor1 Year Manufacturer Warranty for Phone and 6 Months Warranty for In the Box Accessories
107,"OPPO A59 5G (Silk Gold, 128 GB)","₹14,999",6 GB RAM | 128 GB ROM | Expandable Upto 1 TB16.66 cm (6.56 inch) HD+ Display13MP + 2MP | 8MP Front Camera5000 mAh BatteryDimensity 6020 Processor1 Year Manufacturer Warranty for Phone and 6 Months Warranty for In the Box Accessories
108,"OPPO Find X8 5G (Space Black, 512 GB)","₹79,999",16 GB RAM | 512 GB ROM16.74 cm (6.59 inch) Full HD+ AMOLED Display50MP + 50MP + 50MP | 32MP Front Camera5630 mAh BatteryDimensity 9400 Processor1 Year Manufacturer Warranty for Device and 6 Months Manufacturer Warranty for Inbox Accessories
109,"OPPO A59 5G (Starry Black, 128 GB)","₹15,499",6 GB RAM | 128 GB ROM | Expandable Upto 1 TB16.66 cm (6.56 inch) HD+ Display13MP + 2MP | 8MP Front Camera5000 mAh BatteryDimensity 6020 Processor1 Year Manufacturer Warranty for Phone and 6 Months Warranty for In the Box Accessories
110,"OPPO Reno 12 Pro 5G (Manish Malhotra Limited Edition, 256 GB)","₹36,999",12 GB RAM | 256 GB ROM | Expandable Upto 1 TB17.02 cm (6.7 inch) Full HD+ Display50MP + 8MP + 50MP | 50MP Front Camera5000 mAh BatteryDimensity 7300 Energy Processor1 Year Manufacturer Warranty for Device and 6 Months Manufacturer Warranty for Inbox Accessories
111,"OPPO Find X8 5G (Space Black, 256 GB)","₹69,999",12 GB RAM | 256 GB ROM16.74 cm (6.59 inch) Full HD+ AMOLED Display50MP + 50MP + 50MP | 32MP Front Camera5630 mAh BatteryDimensity 9400 Processor1 Year Manufacturer Warranty for Device and 6 Months Manufacturer Warranty for Inbox Accessories
112,"OPPO Reno13 5G (Ivory White, 128 GB)","₹37,999",8 GB RAM | 128 GB ROM16.74 cm (6.59 inch) Display50MP + 8MP + 2MP | 50MP Front Camera5600 mAh BatteryDimensity 8350 Processor1 Year Warranty on Handset and 6 Months Warranty on Accessories
113,"OPPO Reno13 Pro 5G (Mist Lavender, 256 GB)","₹49,999",12 GB RAM | 256 GB ROM17.35 cm (6.83 inch) Display50MP + 50MP + 8MP | 50MP Front Camera5800 mAh BatteryDimensity 8350 Processor1 Year Warranty on Handset and 6 Months Warranty on Accessories
114,"OPPO Reno13 5G (Ivory White, 256 GB)","₹39,999",8 GB RAM | 256 GB ROM16.74 cm (6.59 inch) Display50MP + 8MP + 2MP | 50MP Front Camera5600 mAh BatteryDimensity 8350 Processor1 Year Warranty on Handset and 6 Months Warranty on Accessories
115,"OPPO A3 5G (Nebula Red, 128 GB)","₹15,999",6 GB RAM | 128 GB ROM | Expandable Upto 2 TB16.94 cm (6.67 inch) HD+ Display50MP Rear Camera | 5MP Front Camera5100 mAh BatteryDimensity 6300 Processor1 Year Manufacturer Warranty for Device and 6 Months Manufacturer Warranty for Inbox Accessories
116,"OPPO Reno13 5G (Luminous Blue, 256 GB)","₹39,999",8 GB RAM | 256 GB ROM16.74 cm (6.59 inch) Display50MP + 8MP + 2MP | 50MP Front Camera5600 mAh BatteryDimensity 8350 Processor1 Year Warranty on Handset and 6 Months Warranty on Accessories
117,"OPPO Reno13 5G (Luminous Blue, 128 GB)","₹37,999",8 GB RAM | 128 GB ROM16.74 cm (6.59 inch) Display50MP + 8MP + 2MP | 50MP Front Camera5600 mAh BatteryDimensity 8350 Processor1 Year Warranty on Handset and 6 Months Warranty on Accessories
118,"OPPO Find X8 5G (Star Grey, 256 GB)","₹69,999",12 GB RAM | 256 GB ROM16.74 cm (6.59 inch) Full HD+ AMOLED Display50MP + 50MP + 50MP | 32MP Front Camera5630 mAh BatteryDimensity 9400 Processor1 Year Manufacturer Warranty for Device and 6 Months Manufacturer Warranty for Inbox Accessories
119,"OPPO A79 5G (Glowing Green, 128 GB)","₹17,499","8 GB RAM | 128 GB ROM | Expandable Upto 1 TB17.07 cm (6.72 inch) Full HD+ DisplayRear Camera: 50MP AI Camera, 2MP Portrait Camera Front Camera: 8MP Selfie Camera | 8MP Front Camera5000 mAh Lithium Polymer BatteryMediatek Dimensity 6020 ProcessorBefore going on the market, the product has gone through 6 tests, namely drop, anti-splash, radiation, weather, slight drop, and signal tests, and 5 safety protection steps, namely durability, fire and flame retardant, temperature protection, noise safety, and battery protection. 50-plus production-related checks, 130-plus ultra-stringent reliability tests, and 320-plus comprehensive testing processes, just to provide OPPO enduring craftsmanship and quality.
[1-Meter Directional Drop Test]
[150-Circle Tumbling Test]
[14,000 Micro-Drop Test]
[Water-Spray Test]
[1,000 25Kg Soft Pressure Tests]
[Stress Bending Test]
[500,000 On Button Press Tests]
[20,000 USB Plug/Unplug Tests]
[65°C 95%RH 168H High Temperature and High Humidity Test]
[100,000-Plus Rigorous Quality Tests]
* The data here refers to laboratory test data only and is not intended for quality assurance in daily use. The actual situation will be slightly different due to different test software versions, test environments, and versions.12 Months on Handset and 6 Months on Adapter & Cable"
120,"OPPO K12x 5G with 45W SUPERVOOC Charger In-The-Box (Breeze Blue, 128 GB)","₹12,999",6 GB RAM | 128 GB ROM | Expandable Upto 1 TB16.94 cm (6.67 inch) HD Display32MP + 2MP | 8MP Front Camera5100 mAh BatteryDimensity 6300 Processor1 Year Manufacturer Warranty for Device and 6 Months Manufacturer Warranty for Inbox Accessories
121,"OPPO K12x 5G with 45W SUPERVOOC Charger In-The-Box (Midnight Violet, 128 GB)","₹12,999",6 GB RAM | 128 GB ROM | Expandable Upto 1 TB16.94 cm (6.67 inch) HD Display32MP + 2MP | 8MP Front Camera5100 mAh BatteryDimensity 6300 Processor1 Year Manufacturer Warranty for Device and 6 Months Manufacturer Warranty for Inbox Accessories
122,"OPPO K12x 5G with 45W SUPERVOOC Charger In-The-Box (Midnight Violet, 256 GB)","₹15,999",8 GB RAM | 256 GB ROM | Expandable Upto 1 TB16.94 cm (6.67 inch) HD Display32MP + 2MP | 8MP Front Camera5100 mAh BatteryDimensity 6300 Processor1 Year Manufacturer Warranty for Device and 6 Months Manufacturer Warranty for Inbox Accessories
123,"OPPO K12x 5G with 45W SUPERVOOC Charger In-The-Box (Breeze Blue, 256 GB)","₹15,999",8 GB RAM | 256 GB ROM | Expandable Upto 1 TB16.94 cm (6.67 inch) HD Display32MP + 2MP | 8MP Front Camera5100 mAh BatteryDimensity 6300 Processor1 Year Manufacturer Warranty for Device and 6 Months Manufacturer Warranty for Inbox Accessories
124,"OPPO K12x 5G with 45W SUPERVOOC Charger In-The-Box (Feather Pink, 128 GB)","₹12,999",6 GB RAM | 128 GB ROM | Expandable Upto 1 TB16.94 cm (6.67 inch) HD Display32MP + 2MP | 8MP Front Camera5100 mAh BatteryDimensity 6300 Processor1 Year Manufacturer Warranty for Device and 6 Months Manufacturer Warranty for Inbox Accessories
125,"OPPO K12x 5G with 45W SUPERVOOC Charger In-The-Box (Feather Pink, 256 GB)","₹15,999",8 GB RAM | 256 GB ROM | Expandable Upto 1 TB16.94 cm (6.67 inch) HD Display32MP + 2MP | 8MP Front Camera5100 mAh BatteryDimensity 6300 Processor1 Year Manufacturer Warranty for Device and 6 Months Manufacturer Warranty for Inbox Accessories
126,"OPPO A3x 5G (Starlight White, 64 GB)","₹11,499",4 GB RAM | 64 GB ROM | Expandable Upto 2 TB16.94 cm (6.67 inch) HD+ Display8MP Rear Camera | 5MP Front Camera5100 mAh BatteryDimensity 6300 Processor1 Year Manufacturer Warranty for Device and 6 Months Manufacturer Warranty for Inbox Accessories
127,"OPPO F27 Pro+ (Dusk Pink, 128 GB)","₹25,999",8 GB RAM | 128 GB ROM17.02 cm (6.7 inch) Full HD+ Display64MP + 2MP | 8MP Front Camera5000 mAh BatteryDimensity 7050 Processor1 Year Manufacturer Warranty for Device and 6 Months Manufacturer Warranty for Inbox Accessories
128,"OPPO A3 5G (Ocean Blue, 128 GB)","₹15,999",6 GB RAM | 128 GB ROM | Expandable Upto 2 TB16.94 cm (6.67 inch) HD+ Display50MP Rear Camera | 5MP Front Camera5100 mAh BatteryDimensity 6300 Processor1 Year Manufacturer Warranty for Device and 6 Months Manufacturer Warranty for Inbox Accessories
129,"OPPO A3 Pro 5G (Starry Black, 128 GB)","₹17,999",8 GB RAM | 128 GB ROM | Expandable Upto 1 TB16.94 cm (6.67 inch) Display50MP + 2MP | 8MP Front Camera5100 mAh BatteryDimensity 6300 5G Mobile Platform Processor1 Year Manufacturer Warranty for Device and 6 Months Manufacturer Warranty for Inbox Accessories
130,"OPPO A59 5G (Silk Gold, 128 GB)","₹13,750",4 GB RAM | 128 GB ROM | Expandable Upto 1 TB16.66 cm (6.56 inch) HD+ Display13MP + 2MP | 8MP Front Camera5000 mAh BatteryDimensity 6020 Processor1 Year Manufacturer Warranty for Phone and 6 Months Warranty for In the Box Accessories
131,"OPPO A59 5G (Silk Gold, 128 GB)","₹14,999",6 GB RAM | 128 GB ROM | Expandable Upto 1 TB16.66 cm (6.56 inch) HD+ Display13MP + 2MP | 8MP Front Camera5000 mAh BatteryDimensity 6020 Processor1 Year Manufacturer Warranty for Phone and 6 Months Warranty for In the Box Accessories
132,"OPPO Find X8 5G (Space Black, 512 GB)","₹79,999",16 GB RAM | 512 GB ROM16.74 cm (6.59 inch) Full HD+ AMOLED Display50MP + 50MP + 50MP | 32MP Front Camera5630 mAh BatteryDimensity 9400 Processor1 Year Manufacturer Warranty for Device and 6 Months Manufacturer Warranty for Inbox Accessories
133,"OPPO A59 5G (Starry Black, 128 GB)","₹15,499",6 GB RAM | 128 GB ROM | Expandable Upto 1 TB16.66 cm (6.56 inch) HD+ Display13MP + 2MP | 8MP Front Camera5000 mAh BatteryDimensity 6020 Processor1 Year Manufacturer Warranty for Phone and 6 Months Warranty for In the Box Accessories
134,"OPPO Reno 12 Pro 5G (Manish Malhotra Limited Edition, 256 GB)","₹36,999",12 GB RAM | 256 GB ROM | Expandable Upto 1 TB17.02 cm (6.7 inch) Full HD+ Display50MP + 8MP + 50MP | 50MP Front Camera5000 mAh BatteryDimensity 7300 Energy Processor1 Year Manufacturer Warranty for Device and 6 Months Manufacturer Warranty for Inbox Accessories
135,"OPPO Find X8 5G (Space Black, 256 GB)","₹69,999",12 GB RAM | 256 GB ROM16.74 cm (6.59 inch) Full HD+ AMOLED Display50MP + 50MP + 50MP | 32MP Front Camera5630 mAh BatteryDimensity 9400 Processor1 Year Manufacturer Warranty for Device and 6 Months Manufacturer Warranty for Inbox Accessories
136,"OPPO A3 5G (Nebula Red, 128 GB)","₹15,999",6 GB RAM | 128 GB ROM | Expandable Upto 2 TB16.94 cm (6.67 inch) HD+ Display50MP Rear Camera | 5MP Front Camera5100 mAh BatteryDimensity 6300 Processor1 Year Manufacturer Warranty for Device and 6 Months Manufacturer Warranty for Inbox Accessories
137,"OPPO Find X8 5G (Star Grey, 256 GB)","₹69,999",12 GB RAM | 256 GB ROM16.74 cm (6.59 inch) Full HD+ AMOLED Display50MP + 50MP + 50MP | 32MP Front Camera5630 mAh BatteryDimensity 9400 Processor1 Year Manufacturer Warranty for Device and 6 Months Manufacturer Warranty for Inbox Accessories
138,"OPPO A79 5G (Glowing Green, 128 GB)","₹17,499","8 GB RAM | 128 GB ROM | Expandable Upto 1 TB17.07 cm (6.72 inch) Full HD+ DisplayRear Camera: 50MP AI Camera, 2MP Portrait Camera Front Camera: 8MP Selfie Camera | 8MP Front Camera5000 mAh Lithium Polymer BatteryMediatek Dimensity 6020 ProcessorBefore going on the market, the product has gone through 6 tests, namely drop, anti-splash, radiation, weather, slight drop, and signal tests, and 5 safety protection steps, namely durability, fire and flame retardant, temperature protection, noise safety, and battery protection. 50-plus production-related checks, 130-plus ultra-stringent reliability tests, and 320-plus comprehensive testing processes, just to provide OPPO enduring craftsmanship and quality.
[1-Meter Directional Drop Test]
[150-Circle Tumbling Test]
[14,000 Micro-Drop Test]
[Water-Spray Test]
[1,000 25Kg Soft Pressure Tests]
[Stress Bending Test]
[500,000 On Button Press Tests]
[20,000 USB Plug/Unplug Tests]
[65°C 95%RH 168H High Temperature and High Humidity Test]
[100,000-Plus Rigorous Quality Tests]
* The data here refers to laboratory test data only and is not intended for quality assurance in daily use. The actual situation will be slightly different due to different test software versions, test environments, and versions.12 Months on Handset and 6 Months on Adapter & Cable"
139,"OPPO A3x (Nebula Red, 128 GB)","₹9,999",4 GB RAM | 128 GB ROM | Expandable Upto 1 TB16.94 cm (6.67 inch) HD+ Display8MP Rear Camera | 5MP Front Camera5100 mAh Battery6s 4G Gen1 Processor1 Year Manufacturer Warranty for Device and 6 Months Manufacturer Warranty for Inbox Accessories
140,"OPPO Reno 12 5G (Astro Silver, 256 GB)","₹32,999",8 GB RAM | 256 GB ROM | Expandable Upto 1 TB17.02 cm (6.7 inch) Full HD+ Display50MP + 8MP + 2MP | 32MP Front Camera5000 mAh BatteryDimensity 7300 Energy Processor1 Year Manufacturer Warranty for Device and 6 Months Manufacturer Warranty for Inbox Accessories
141,"OPPO F27 5G (Amber Orange, 256 GB)","₹22,999",8 GB RAM | 256 GB ROM | Expandable Upto 2 TB16.94 cm (6.67 inch) Full HD+ Display50MP + 2MP | 32MP Front Camera5000 mAh BatteryDimensity 6300 Processor1 Year Manufacturer Warranty for Device and 6 Months Manufacturer Warranty for Inbox Accessories
142,"OPPO A3 Pro 5G (Moonlight Purple, 128 GB)","₹17,999",8 GB RAM | 128 GB ROM | Expandable Upto 1 TB16.94 cm (6.67 inch) Display50MP + 2MP | 8MP Front Camera5100 mAh BatteryDimensity 6300 5G Mobile Platform Processor1 Year Manufacturer Warranty for Device and 6 Months Manufacturer Warranty for Inbox Accessories
143,"OPPO F27 Pro+ (Midnight Navy, 256 GB)","₹27,999",8 GB RAM | 256 GB ROM17.02 cm (6.7 inch) Full HD+ Display64MP + 2MP | 8MP Front Camera5000 mAh BatteryDimensity 7050 Processor1 Year Manufacturer Warranty for Device and 6 Months Manufacturer Warranty for Inbox Accessories
144,"OPPO K12x 5G with 45W SUPERVOOC Charger In-The-Box (Breeze Blue, 128 GB)","₹12,999",6 GB RAM | 128 GB ROM | Expandable Upto 1 TB16.94 cm (6.67 inch) HD Display32MP + 2MP | 8MP Front Camera5100 mAh BatteryDimensity 6300 Processor1 Year Manufacturer Warranty for Device and 6 Months Manufacturer Warranty for Inbox Accessories
145,"OPPO K12x 5G with 45W SUPERVOOC Charger In-The-Box (Midnight Violet, 128 GB)","₹12,999",6 GB RAM | 128 GB ROM | Expandable Upto 1 TB16.94 cm (6.67 inch) HD Display32MP + 2MP | 8MP Front Camera5100 mAh BatteryDimensity 6300 Processor1 Year Manufacturer Warranty for Device and 6 Months Manufacturer Warranty for Inbox Accessories
146,"OPPO K12x 5G with 45W SUPERVOOC Charger In-The-Box (Feather Pink, 128 GB)","₹12,999",6 GB RAM | 128 GB ROM | Expandable Upto 1 TB16.94 cm (6.67 inch) HD Display32MP + 2MP | 8MP Front Camera5100 mAh BatteryDimensity 6300 Processor1 Year Manufacturer Warranty for Device and 6 Months Manufacturer Warranty for Inbox Accessories
147,"OPPO K12x 5G with 45W SUPERVOOC Charger In-The-Box (Breeze Blue, 256 GB)","₹15,999",8 GB RAM | 256 GB ROM | Expandable Upto 1 TB16.94 cm (6.67 inch) HD Display32MP + 2MP | 8MP Front Camera5100 mAh BatteryDimensity 6300 Processor1 Year Manufacturer Warranty for Device and 6 Months Manufacturer Warranty for Inbox Accessories
148,"OPPO K12x 5G with 45W SUPERVOOC Charger In-The-Box (Midnight Violet, 256 GB)","₹15,999",8 GB RAM | 256 GB ROM | Expandable Upto 1 TB16.94 cm (6.67 inch) HD Display32MP + 2MP | 8MP Front Camera5100 mAh BatteryDimensity 6300 Processor1 Year Manufacturer Warranty for Device and 6 Months Manufacturer Warranty for Inbox Accessories
149,"OPPO K12x 5G with 45W SUPERVOOC Charger In-The-Box (Feather Pink, 256 GB)","₹15,999",8 GB RAM | 256 GB ROM | Expandable Upto 1 TB16.94 cm (6.67 inch) HD Display32MP + 2MP | 8MP Front Camera5100 mAh BatteryDimensity 6300 Processor1 Year Manufacturer Warranty for Device and 6 Months Manufacturer Warranty for Inbox Accessories
150,"OPPO A3x 5G (Starlight White, 64 GB)","₹11,499",4 GB RAM | 64 GB ROM | Expandable Upto 2 TB16.94 cm (6.67 inch) HD+ Display8MP Rear Camera | 5MP Front Camera5100 mAh BatteryDimensity 6300 Processor1 Year Manufacturer Warranty for Device and 6 Months Manufacturer Warranty for Inbox Accessories
151,"OPPO F27 Pro+ (Dusk Pink, 128 GB)","₹25,999",8 GB RAM | 128 GB ROM17.02 cm (6.7 inch) Full HD+ Display64MP + 2MP | 8MP Front Camera5000 mAh BatteryDimensity 7050 Processor1 Year Manufacturer Warranty for Device and 6 Months Manufacturer Warranty for Inbox Accessories
152,"OPPO A3 5G (Ocean Blue, 128 GB)","₹15,999",6 GB RAM | 128 GB ROM | Expandable Upto 2 TB16.94 cm (6.67 inch) HD+ Display50MP Rear Camera | 5MP Front Camera5100 mAh BatteryDimensity 6300 Processor1 Year Manufacturer Warranty for Device and 6 Months Manufacturer Warranty for Inbox Accessories
153,"OPPO A59 5G (Starry Black, 128 GB)","₹13,999",4 GB RAM | 128 GB ROM | Expandable Upto 1 TB16.66 cm (6.56 inch) HD+ Display13MP + 2MP | 8MP Front Camera5000 mAh BatteryDimensity 6020 Processor1 Year Manufacturer Warranty for Phone and 6 Months Warranty for In the Box Accessories
154,"OPPO A78 (Aqua Green, 128 GB)","₹14,645",8 GB RAM | 128 GB ROM16.33 cm (6.43 inch) Full HD+ AMOLED Display50MP + 2MP | 8MP Front Camera5000 mAh BatterySnapdragon 680 Processor1 Year Manufacturer Warranty for Phone and 6 Months Warranty for In the Box Accessories
155,"OPPO A3 Pro 5G (Starry Black, 128 GB)","₹17,999",8 GB RAM | 128 GB ROM | Expandable Upto 1 TB16.94 cm (6.67 inch) Display50MP + 2MP | 8MP Front Camera5100 mAh BatteryDimensity 6300 5G Mobile Platform Processor1 Year Manufacturer Warranty for Device and 6 Months Manufacturer Warranty for Inbox Accessories
156,"OPPO Find X8 5G (Space Black, 256 GB)","₹69,999",12 GB RAM | 256 GB ROM16.74 cm (6.59 inch) Full HD+ AMOLED Display50MP + 50MP + 50MP | 32MP Front Camera5630 mAh BatteryDimensity 9400 Processor1 Year Manufacturer Warranty for Device and 6 Months Manufacturer Warranty for Inbox Accessories
157,"OPPO A59 5G (Starry Black, 128 GB)","₹15,499",6 GB RAM | 128 GB ROM | Expandable Upto 1 TB16.66 cm (6.56 inch) HD+ Display13MP + 2MP | 8MP Front Camera5000 mAh BatteryDimensity 6020 Processor1 Year Manufacturer Warranty for Phone and 6 Months Warranty for In the Box Accessories
158,"OPPO A59 5G (Silk Gold, 128 GB)","₹13,750",4 GB RAM | 128 GB ROM | Expandable Upto 1 TB16.66 cm (6.56 inch) HD+ Display13MP + 2MP | 8MP Front Camera5000 mAh BatteryDimensity 6020 Processor1 Year Manufacturer Warranty for Phone and 6 Months Warranty for In the Box Accessories
159,"OPPO A59 5G (Silk Gold, 128 GB)","₹14,999",6 GB RAM | 128 GB ROM | Expandable Upto 1 TB16.66 cm (6.56 inch) HD+ Display13MP + 2MP | 8MP Front Camera5000 mAh BatteryDimensity 6020 Processor1 Year Manufacturer Warranty for Phone and 6 Months Warranty for In the Box Accessories
160,"OPPO Find X8 5G (Space Black, 512 GB)","₹79,999",16 GB RAM | 512 GB ROM16.74 cm (6.59 inch) Full HD+ AMOLED Display50MP + 50MP + 50MP | 32MP Front Camera5630 mAh BatteryDimensity 9400 Processor1 Year Manufacturer Warranty for Device and 6 Months Manufacturer Warranty for Inbox Accessories
161,"OPPO Find X8 5G (Star Grey, 256 GB)","₹69,999",12 GB RAM | 256 GB ROM16.74 cm (6.59 inch) Full HD+ AMOLED Display50MP + 50MP + 50MP | 32MP Front Camera5630 mAh BatteryDimensity 9400 Processor1 Year Manufacturer Warranty for Device and 6 Months Manufacturer Warranty for Inbox Accessories
162,"OPPO Reno 12 Pro 5G (Manish Malhotra Limited Edition, 256 GB)","₹36,999",12 GB RAM | 256 GB ROM | Expandable Upto 1 TB17.02 cm (6.7 inch) Full HD+ Display50MP + 8MP + 50MP | 50MP Front Camera5000 mAh BatteryDimensity 7300 Energy Processor1 Year Manufacturer Warranty for Device and 6 Months Manufacturer Warranty for Inbox Accessories
163,"OPPO Reno13 5G (Ivory White, 256 GB)","₹39,999",8 GB RAM | 256 GB ROM16.74 cm (6.59 inch) Display50MP + 8MP + 2MP | 50MP Front Camera5600 mAh BatteryDimensity 8350 Processor1 Year Warranty on Handset and 6 Months Warranty on Accessories
164,"OPPO Reno13 Pro 5G (Mist Lavender, 256 GB)","₹49,999",12 GB RAM | 256 GB ROM17.35 cm (6.83 inch) Display50MP + 50MP + 8MP | 50MP Front Camera5800 mAh BatteryDimensity 8350 Processor1 Year Warranty on Handset and 6 Months Warranty on Accessories
165,"OPPO Reno13 5G (Ivory White, 128 GB)","₹37,999",8 GB RAM | 128 GB ROM16.74 cm (6.59 inch) Display50MP + 8MP + 2MP | 50MP Front Camera5600 mAh BatteryDimensity 8350 Processor1 Year Warranty on Handset and 6 Months Warranty on Accessories
166,"OPPO Reno13 5G (Luminous Blue, 256 GB)","₹39,999",8 GB RAM | 256 GB ROM16.74 cm (6.59 inch) Display50MP + 8MP + 2MP | 50MP Front Camera5600 mAh BatteryDimensity 8350 Processor1 Year Warranty on Handset and 6 Months Warranty on Accessories
167,"OPPO Reno13 5G (Luminous Blue, 128 GB)","₹37,999",8 GB RAM | 128 GB ROM16.74 cm (6.59 inch) Display50MP + 8MP + 2MP | 50MP Front Camera5600 mAh BatteryDimensity 8350 Processor1 Year Warranty on Handset and 6 Months Warranty on Accessories
168,"OPPO K12x 5G with 45W SUPERVOOC Charger In-The-Box (Breeze Blue, 128 GB)","₹12,999",6 GB RAM | 128 GB ROM | Expandable Upto 1 TB16.94 cm (6.67 inch) HD Display32MP + 2MP | 8MP Front Camera5100 mAh BatteryDimensity 6300 Processor1 Year Manufacturer Warranty for Device and 6 Months Manufacturer Warranty for Inbox Accessories
169,"OPPO K12x 5G with 45W SUPERVOOC Charger In-The-Box (Midnight Violet, 128 GB)","₹12,999",6 GB RAM | 128 GB ROM | Expandable Upto 1 TB16.94 cm (6.67 inch) HD Display32MP + 2MP | 8MP Front Camera5100 mAh BatteryDimensity 6300 Processor1 Year Manufacturer Warranty for Device and 6 Months Manufacturer Warranty for Inbox Accessories
170,"OPPO K12x 5G with 45W SUPERVOOC Charger In-The-Box (Feather Pink, 128 GB)","₹12,999",6 GB RAM | 128 GB ROM | Expandable Upto 1 TB16.94 cm (6.67 inch) HD Display32MP + 2MP | 8MP Front Camera5100 mAh BatteryDimensity 6300 Processor1 Year Manufacturer Warranty for Device and 6 Months Manufacturer Warranty for Inbox Accessories
171,"OPPO K12x 5G with 45W SUPERVOOC Charger In-The-Box (Breeze Blue, 256 GB)","₹15,999",8 GB RAM | 256 GB ROM | Expandable Upto 1 TB16.94 cm (6.67 inch) HD Display32MP + 2MP | 8MP Front Camera5100 mAh BatteryDimensity 6300 Processor1 Year Manufacturer Warranty for Device and 6 Months Manufacturer Warranty for Inbox Accessories
172,"OPPO K12x 5G with 45W SUPERVOOC Charger In-The-Box (Midnight Violet, 256 GB)","₹15,999",8 GB RAM | 256 GB ROM | Expandable Upto 1 TB16.94 cm (6.67 inch) HD Display32MP + 2MP | 8MP Front Camera5100 mAh BatteryDimensity 6300 Processor1 Year Manufacturer Warranty for Device and 6 Months Manufacturer Warranty for Inbox Accessories
173,"OPPO K12x 5G with 45W SUPERVOOC Charger In-The-Box (Feather Pink, 256 GB)","₹15,999",8 GB RAM | 256 GB ROM | Expandable Upto 1 TB16.94 cm (6.67 inch) HD Display32MP + 2MP | 8MP Front Camera5100 mAh BatteryDimensity 6300 Processor1 Year Manufacturer Warranty for Device and 6 Months Manufacturer Warranty for Inbox Accessories
174,"OPPO A3x 5G (Starlight White, 64 GB)","₹11,499",4 GB RAM | 64 GB ROM | Expandable Upto 2 TB16.94 cm (6.67 inch) HD+ Display8MP Rear Camera | 5MP Front Camera5100 mAh BatteryDimensity 6300 Processor1 Year Manufacturer Warranty for Device and 6 Months Manufacturer Warranty for Inbox Accessories
175,"OPPO F27 Pro+ (Dusk Pink, 128 GB)","₹25,999",8 GB RAM | 128 GB ROM17.02 cm (6.7 inch) Full HD+ Display64MP + 2MP | 8MP Front Camera5000 mAh BatteryDimensity 7050 Processor1 Year Manufacturer Warranty for Device and 6 Months Manufacturer Warranty for Inbox Accessories
176,"OPPO A3 5G (Ocean Blue, 128 GB)","₹15,999",6 GB RAM | 128 GB ROM | Expandable Upto 2 TB16.94 cm (6.67 inch) HD+ Display50MP Rear Camera | 5MP Front Camera5100 mAh BatteryDimensity 6300 Processor1 Year Manufacturer Warranty for Device and 6 Months Manufacturer Warranty for Inbox Accessories
177,"OPPO A59 5G (Starry Black, 128 GB)","₹13,999",4 GB RAM | 128 GB ROM | Expandable Upto 1 TB16.66 cm (6.56 inch) HD+ Display13MP + 2MP | 8MP Front Camera5000 mAh BatteryDimensity 6020 Processor1 Year Manufacturer Warranty for Phone and 6 Months Warranty for In the Box Accessories
178,"OPPO A78 (Aqua Green, 128 GB)","₹14,645",8 GB RAM | 128 GB ROM16.33 cm (6.43 inch) Full HD+ AMOLED Display50MP + 2MP | 8MP Front Camera5000 mAh BatterySnapdragon 680 Processor1 Year Manufacturer Warranty for Phone and 6 Months Warranty for In the Box Accessories
179,"OPPO A3 Pro 5G (Starry Black, 128 GB)","₹17,999",8 GB RAM | 128 GB ROM | Expandable Upto 1 TB16.94 cm (6.67 inch) Display50MP + 2MP | 8MP Front Camera5100 mAh BatteryDimensity 6300 5G Mobile Platform Processor1 Year Manufacturer Warranty for Device and 6 Months Manufacturer Warranty for Inbox Accessories
180,"OPPO Find X8 5G (Space Black, 256 GB)","₹69,999",12 GB RAM | 256 GB ROM16.74 cm (6.59 inch) Full HD+ AMOLED Display50MP + 50MP + 50MP | 32MP Front Camera5630 mAh BatteryDimensity 9400 Processor1 Year Manufacturer Warranty for Device and 6 Months Manufacturer Warranty for Inbox Accessories
181,"OPPO A59 5G (Starry Black, 128 GB)","₹15,499",6 GB RAM | 128 GB ROM | Expandable Upto 1 TB16.66 cm (6.56 inch) HD+ Display13MP + 2MP | 8MP Front Camera5000 mAh BatteryDimensity 6020 Processor1 Year Manufacturer Warranty for Phone and 6 Months Warranty for In the Box Accessories
182,"OPPO A59 5G (Silk Gold, 128 GB)","₹13,750",4 GB RAM | 128 GB ROM | Expandable Upto 1 TB16.66 cm (6.56 inch) HD+ Display13MP + 2MP | 8MP Front Camera5000 mAh BatteryDimensity 6020 Processor1 Year Manufacturer Warranty for Phone and 6 Months Warranty for In the Box Accessories
183,"OPPO A59 5G (Silk Gold, 128 GB)","₹14,999",6 GB RAM | 128 GB ROM | Expandable Upto 1 TB16.66 cm (6.56 inch) HD+ Display13MP + 2MP | 8MP Front Camera5000 mAh BatteryDimensity 6020 Processor1 Year Manufacturer Warranty for Phone and 6 Months Warranty for In the Box Accessories
184,"OPPO Find X8 5G (Space Black, 512 GB)","₹79,999",16 GB RAM | 512 GB ROM16.74 cm (6.59 inch) Full HD+ AMOLED Display50MP + 50MP + 50MP | 32MP Front Camera5630 mAh BatteryDimensity 9400 Processor1 Year Manufacturer Warranty for Device and 6 Months Manufacturer Warranty for Inbox Accessories
185,"OPPO Find X8 5G (Star Grey, 256 GB)","₹69,999",12 GB RAM | 256 GB ROM16.74 cm (6.59 inch) Full HD+ AMOLED Display50MP + 50MP + 50MP | 32MP Front Camera5630 mAh BatteryDimensity 9400 Processor1 Year Manufacturer Warranty for Device and 6 Months Manufacturer Warranty for Inbox Accessories
186,"OPPO Reno 12 Pro 5G (Manish Malhotra Limited Edition, 256 GB)","₹36,999",12 GB RAM | 256 GB ROM | Expandable Upto 1 TB17.02 cm (6.7 inch) Full HD+ Display50MP + 8MP + 50MP | 50MP Front Camera5000 mAh BatteryDimensity 7300 Energy Processor1 Year Manufacturer Warranty for Device and 6 Months Manufacturer Warranty for Inbox Accessories
187,"OPPO Reno13 5G (Ivory White, 256 GB)","₹39,999",8 GB RAM | 256 GB ROM16.74 cm (6.59 inch) Display50MP + 8MP + 2MP | 50MP Front Camera5600 mAh BatteryDimensity 8350 Processor1 Year Warranty on Handset and 6 Months Warranty on Accessories
188,"OPPO Reno13 Pro 5G (Mist Lavender, 256 GB)","₹49,999",12 GB RAM | 256 GB ROM17.35 cm (6.83 inch) Display50MP + 50MP + 8MP | 50MP Front Camera5800 mAh BatteryDimensity 8350 Processor1 Year Warranty on Handset and 6 Months Warranty on Accessories
189,"OPPO Reno13 5G (Ivory White, 128 GB)","₹37,999",8 GB RAM | 128 GB ROM16.74 cm (6.59 inch) Display50MP + 8MP + 2MP | 50MP Front Camera5600 mAh BatteryDimensity 8350 Processor1 Year Warranty on Handset and 6 Months Warranty on Accessories
190,"OPPO Reno13 5G (Luminous Blue, 256 GB)","₹39,999",8 GB RAM | 256 GB ROM16.74 cm (6.59 inch) Display50MP + 8MP + 2MP | 50MP Front Camera5600 mAh BatteryDimensity 8350 Processor1 Year Warranty on Handset and 6 Months Warranty on Accessories
191,"OPPO Reno13 5G (Luminous Blue, 128 GB)","₹37,999",8 GB RAM | 128 GB ROM16.74 cm (6.59 inch) Display50MP + 8MP + 2MP | 50MP Front Camera5600 mAh BatteryDimensity 8350 Processor1 Year Warranty on Handset and 6 Months Warranty on Accessories
192,"OPPO K12x 5G with 45W SUPERVOOC Charger In-The-Box (Breeze Blue, 128 GB)","₹12,999",6 GB RAM | 128 GB ROM | Expandable Upto 1 TB16.94 cm (6.67 inch) HD Display32MP + 2MP | 8MP Front Camera5100 mAh BatteryDimensity 6300 Processor1 Year Manufacturer Warranty for Device and 6 Months Manufacturer Warranty for Inbox Accessories
193,"OPPO K12x 5G with 45W SUPERVOOC Charger In-The-Box (Midnight Violet, 128 GB)","₹12,999",6 GB RAM | 128 GB ROM | Expandable Upto 1 TB16.94 cm (6.67 inch) HD Display32MP + 2MP | 8MP Front Camera5100 mAh BatteryDimensity 6300 Processor1 Year Manufacturer Warranty for Device and 6 Months Manufacturer Warranty for Inbox Accessories
194,"OPPO K12x 5G with 45W SUPERVOOC Charger In-The-Box (Feather Pink, 128 GB)","₹12,999",6 GB RAM | 128 GB ROM | Expandable Upto 1 TB16.94 cm (6.67 inch) HD Display32MP + 2MP | 8MP Front Camera5100 mAh BatteryDimensity 6300 Processor1 Year Manufacturer Warranty for Device and 6 Months Manufacturer Warranty for Inbox Accessories
195,"OPPO K12x 5G with 45W SUPERVOOC Charger In-The-Box (Breeze Blue, 256 GB)","₹15,999",8 GB RAM | 256 GB ROM | Expandable Upto 1 TB16.94 cm (6.67 inch) HD Display32MP + 2MP | 8MP Front Camera5100 mAh BatteryDimensity 6300 Processor1 Year Manufacturer Warranty for Device and 6 Months Manufacturer Warranty for Inbox Accessories
196,"OPPO K12x 5G with 45W SUPERVOOC Charger In-The-Box (Midnight Violet, 256 GB)","₹15,999",8 GB RAM | 256 GB ROM | Expandable Upto 1 TB16.94 cm (6.67 inch) HD Display32MP + 2MP | 8MP Front Camera5100 mAh BatteryDimensity 6300 Processor1 Year Manufacturer Warranty for Device and 6 Months Manufacturer Warranty for Inbox Accessories
197,"OPPO K12x 5G with 45W SUPERVOOC Charger In-The-Box (Feather Pink, 256 GB)","₹15,999",8 GB RAM | 256 GB ROM | Expandable Upto 1 TB16.94 cm (6.67 inch) HD Display32MP + 2MP | 8MP Front Camera5100 mAh BatteryDimensity 6300 Processor1 Year Manufacturer Warranty for Device and 6 Months Manufacturer Warranty for Inbox Accessories
198,"OPPO A3x 5G (Starlight White, 64 GB)","₹11,499",4 GB RAM | 64 GB ROM | Expandable Upto 2 TB16.94 cm (6.67 inch) HD+ Display8MP Rear Camera | 5MP Front Camera5100 mAh BatteryDimensity 6300 Processor1 Year Manufacturer Warranty for Device and 6 Months Manufacturer Warranty for Inbox Accessories
199,"OPPO F27 Pro+ (Dusk Pink, 128 GB)","₹25,999",8 GB RAM | 128 GB ROM17.02 cm (6.7 inch) Full HD+ Display64MP + 2MP | 8MP Front Camera5000 mAh BatteryDimensity 7050 Processor1 Year Manufacturer Warranty for Device and 6 Months Manufacturer Warranty for Inbox Accessories
200,"OPPO A3 5G (Ocean Blue, 128 GB)","₹15,999",6 GB RAM | 128 GB ROM | Expandable Upto 2 TB16.94 cm (6.67 inch) HD+ Display50MP Rear Camera | 5MP Front Camera5100 mAh BatteryDimensity 6300 Processor1 Year Manufacturer Warranty for Device and 6 Months Manufacturer Warranty for Inbox Accessories
201,"OPPO A59 5G (Starry Black, 128 GB)","₹13,999",4 GB RAM | 128 GB ROM | Expandable Upto 1 TB16.66 cm (6.56 inch) HD+ Display13MP + 2MP | 8MP Front Camera5000 mAh BatteryDimensity 6020 Processor1 Year Manufacturer Warranty for Phone and 6 Months Warranty for In the Box Accessories
202,"OPPO A78 (Aqua Green, 128 GB)","₹14,645",8 GB RAM | 128 GB ROM16.33 cm (6.43 inch) Full HD+ AMOLED Display50MP + 2MP | 8MP Front Camera5000 mAh BatterySnapdragon 680 Processor1 Year Manufacturer Warranty for Phone and 6 Months Warranty for In the Box Accessories
203,"OPPO A3 Pro 5G (Starry Black, 128 GB)","₹17,999",8 GB RAM | 128 GB ROM | Expandable Upto 1 TB16.94 cm (6.67 inch) Display50MP + 2MP | 8MP Front Camera5100 mAh BatteryDimensity 6300 5G Mobile Platform Processor1 Year Manufacturer Warranty for Device and 6 Months Manufacturer Warranty for Inbox Accessories
204,"OPPO Find X8 5G (Space Black, 256 GB)","₹69,999",12 GB RAM | 256 GB ROM16.74 cm (6.59 inch) Full HD+ AMOLED Display50MP + 50MP + 50MP | 32MP Front Camera5630 mAh BatteryDimensity 9400 Processor1 Year Manufacturer Warranty for Device and 6 Months Manufacturer Warranty for Inbox Accessories
205,"OPPO A59 5G (Starry Black, 128 GB)","₹15,499",6 GB RAM | 128 GB ROM | Expandable Upto 1 TB16.66 cm (6.56 inch) HD+ Display13MP + 2MP | 8MP Front Camera5000 mAh BatteryDimensity 6020 Processor1 Year Manufacturer Warranty for Phone and 6 Months Warranty for In the Box Accessories
206,"OPPO A59 5G (Silk Gold, 128 GB)","₹13,750",4 GB RAM | 128 GB ROM | Expandable Upto 1 TB16.66 cm (6.56 inch) HD+ Display13MP + 2MP | 8MP Front Camera5000 mAh BatteryDimensity 6020 Processor1 Year Manufacturer Warranty for Phone and 6 Months Warranty for In the Box Accessories
207,"OPPO A59 5G (Silk Gold, 128 GB)","₹14,999",6 GB RAM | 128 GB ROM | Expandable Upto 1 TB16.66 cm (6.56 inch) HD+ Display13MP + 2MP | 8MP Front Camera5000 mAh BatteryDimensity 6020 Processor1 Year Manufacturer Warranty for Phone and 6 Months Warranty for In the Box Accessories
208,"OPPO Find X8 5G (Space Black, 512 GB)","₹79,999",16 GB RAM | 512 GB ROM16.74 cm (6.59 inch) Full HD+ AMOLED Display50MP + 50MP + 50MP | 32MP Front Camera5630 mAh BatteryDimensity 9400 Processor1 Year Manufacturer Warranty for Device and 6 Months Manufacturer Warranty for Inbox Accessories
209,"OPPO Find X8 5G (Star Grey, 256 GB)","₹69,999",12 GB RAM | 256 GB ROM16.74 cm (6.59 inch) Full HD+ AMOLED Display50MP + 50MP + 50MP | 32MP Front Camera5630 mAh BatteryDimensity 9400 Processor1 Year Manufacturer Warranty for Device and 6 Months Manufacturer Warranty for Inbox Accessories
210,"OPPO Reno 12 Pro 5G (Manish Malhotra Limited Edition, 256 GB)","₹36,999",12 GB RAM | 256 GB ROM | Expandable Upto 1 TB17.02 cm (6.7 inch) Full HD+ Display50MP + 8MP + 50MP | 50MP Front Camera5000 mAh BatteryDimensity 7300 Energy Processor1 Year Manufacturer Warranty for Device and 6 Months Manufacturer Warranty for Inbox Accessories
211,"OPPO Reno13 5G (Ivory White, 256 GB)","₹39,999",8 GB RAM | 256 GB ROM16.74 cm (6.59 inch) Display50MP + 8MP + 2MP | 50MP Front Camera5600 mAh BatteryDimensity 8350 Processor1 Year Warranty on Handset and 6 Months Warranty on Accessories
212,"OPPO Reno13 Pro 5G (Mist Lavender, 256 GB)","₹49,999",12 GB RAM | 256 GB ROM17.35 cm (6.83 inch) Display50MP + 50MP + 8MP | 50MP Front Camera5800 mAh BatteryDimensity 8350 Processor1 Year Warranty on Handset and 6 Months Warranty on Accessories
213,"OPPO Reno13 5G (Ivory White, 128 GB)","₹37,999",8 GB RAM | 128 GB ROM16.74 cm (6.59 inch) Display50MP + 8MP + 2MP | 50MP Front Camera5600 mAh BatteryDimensity 8350 Processor1 Year Warranty on Handset and 6 Months Warranty on Accessories
214,"OPPO Reno13 5G (Luminous Blue, 256 GB)","₹39,999",8 GB RAM | 256 GB ROM16.74 cm (6.59 inch) Display50MP + 8MP + 2MP | 50MP Front Camera5600 mAh BatteryDimensity 8350 Processor1 Year Warranty on Handset and 6 Months Warranty on Accessories
215,"OPPO Reno13 5G (Luminous Blue, 128 GB)","₹37,999",8 GB RAM | 128 GB ROM16.74 cm (6.59 inch) Display50MP + 8MP + 2MP | 50MP Front Camera5600 mAh BatteryDimensity 8350 Processor1 Year Warranty on Handset and 6 Months Warranty on Accessories
216,"OPPO K12x 5G with 45W SUPERVOOC Charger In-The-Box (Breeze Blue, 128 GB)","₹12,999",6 GB RAM | 128 GB ROM | Expandable Upto 1 TB16.94 cm (6.67 inch) HD Display32MP + 2MP | 8MP Front Camera5100 mAh BatteryDimensity 6300 Processor1 Year Manufacturer Warranty for Device and 6 Months Manufacturer Warranty for Inbox Accessories
217,"OPPO K12x 5G with 45W SUPERVOOC Charger In-The-Box (Midnight Violet, 128 GB)","₹12,999",6 GB RAM | 128 GB ROM | Expandable Upto 1 TB16.94 cm (6.67 inch) HD Display32MP + 2MP | 8MP Front Camera5100 mAh BatteryDimensity 6300 Processor1 Year Manufacturer Warranty for Device and 6 Months Manufacturer Warranty for Inbox Accessories
218,"OPPO K12x 5G with 45W SUPERVOOC Charger In-The-Box (Midnight Violet, 256 GB)","₹15,999",8 GB RAM | 256 GB ROM | Expandable Upto 1 TB16.94 cm (6.67 inch) HD Display32MP + 2MP | 8MP Front Camera5100 mAh BatteryDimensity 6300 Processor1 Year Manufacturer Warranty for Device and 6 Months Manufacturer Warranty for Inbox Accessories
219,"OPPO K12x 5G with 45W SUPERVOOC Charger In-The-Box (Breeze Blue, 256 GB)","₹15,999",8 GB RAM | 256 GB ROM | Expandable Upto 1 TB16.94 cm (6.67 inch) HD Display32MP + 2MP | 8MP Front Camera5100 mAh BatteryDimensity 6300 Processor1 Year Manufacturer Warranty for Device and 6 Months Manufacturer Warranty for Inbox Accessories
220,"OPPO K12x 5G with 45W SUPERVOOC Charger In-The-Box (Feather Pink, 128 GB)","₹12,999",6 GB RAM | 128 GB ROM | Expandable Upto 1 TB16.94 cm (6.67 inch) HD Display32MP + 2MP | 8MP Front Camera5100 mAh BatteryDimensity 6300 Processor1 Year Manufacturer Warranty for Device and 6 Months Manufacturer Warranty for Inbox Accessories
221,"OPPO K12x 5G with 45W SUPERVOOC Charger In-The-Box (Feather Pink, 256 GB)","₹15,999",8 GB RAM | 256 GB ROM | Expandable Upto 1 TB16.94 cm (6.67 inch) HD Display32MP + 2MP | 8MP Front Camera5100 mAh BatteryDimensity 6300 Processor1 Year Manufacturer Warranty for Device and 6 Months Manufacturer Warranty for Inbox Accessories
222,"OPPO A3x 5G (Starlight White, 64 GB)","₹11,499",4 GB RAM | 64 GB ROM | Expandable Upto 2 TB16.94 cm (6.67 inch) HD+ Display8MP Rear Camera | 5MP Front Camera5100 mAh BatteryDimensity 6300 Processor1 Year Manufacturer Warranty for Device and 6 Months Manufacturer Warranty for Inbox Accessories
223,"OPPO F27 Pro+ (Dusk Pink, 128 GB)","₹25,999",8 GB RAM | 128 GB ROM17.02 cm (6.7 inch) Full HD+ Display64MP + 2MP | 8MP Front Camera5000 mAh BatteryDimensity 7050 Processor1 Year Manufacturer Warranty for Device and 6 Months Manufacturer Warranty for Inbox Accessories
224,"OPPO A3 5G (Ocean Blue, 128 GB)","₹15,999",6 GB RAM | 128 GB ROM | Expandable Upto 2 TB16.94 cm (6.67 inch) HD+ Display50MP Rear Camera | 5MP Front Camera5100 mAh BatteryDimensity 6300 Processor1 Year Manufacturer Warranty for Device and 6 Months Manufacturer Warranty for Inbox Accessories
225,"OPPO A3 Pro 5G (Starry Black, 128 GB)","₹17,999",8 GB RAM | 128 GB ROM | Expandable Upto 1 TB16.94 cm (6.67 inch) Display50MP + 2MP | 8MP Front Camera5100 mAh BatteryDimensity 6300 5G Mobile Platform Processor1 Year Manufacturer Warranty for Device and 6 Months Manufacturer Warranty for Inbox Accessories
226,"OPPO A59 5G (Silk Gold, 128 GB)","₹13,750",4 GB RAM | 128 GB ROM | Expandable Upto 1 TB16.66 cm (6.56 inch) HD+ Display13MP + 2MP | 8MP Front Camera5000 mAh BatteryDimensity 6020 Processor1 Year Manufacturer Warranty for Phone and 6 Months Warranty for In the Box Accessories
227,"OPPO A59 5G (Silk Gold, 128 GB)","₹14,999",6 GB RAM | 128 GB ROM | Expandable Upto 1 TB16.66 cm (6.56 inch) HD+ Display13MP + 2MP | 8MP Front Camera5000 mAh BatteryDimensity 6020 Processor1 Year Manufacturer Warranty for Phone and 6 Months Warranty for In the Box Accessories
228,"OPPO Find X8 5G (Space Black, 512 GB)","₹79,999",16 GB RAM | 512 GB ROM16.74 cm (6.59 inch) Full HD+ AMOLED Display50MP + 50MP + 50MP | 32MP Front Camera5630 mAh BatteryDimensity 9400 Processor1 Year Manufacturer Warranty for Device and 6 Months Manufacturer Warranty for Inbox Accessories
229,"OPPO A59 5G (Starry Black, 128 GB)","₹15,499",6 GB RAM | 128 GB ROM | Expandable Upto 1 TB16.66 cm (6.56 inch) HD+ Display13MP + 2MP | 8MP Front Camera5000 mAh BatteryDimensity 6020 Processor1 Year Manufacturer Warranty for Phone and 6 Months Warranty for In the Box Accessories
230,"OPPO Reno 12 Pro 5G (Manish Malhotra Limited Edition, 256 GB)","₹36,999",12 GB RAM | 256 GB ROM | Expandable Upto 1 TB17.02 cm (6.7 inch) Full HD+ Display50MP + 8MP + 50MP | 50MP Front Camera5000 mAh BatteryDimensity 7300 Energy Processor1 Year Manufacturer Warranty for Device and 6 Months Manufacturer Warranty for Inbox Accessories
231,"OPPO Find X8 5G (Space Black, 256 GB)","₹69,999",12 GB RAM | 256 GB ROM16.74 cm (6.59 inch) Full HD+ AMOLED Display50MP + 50MP + 50MP | 32MP Front Camera5630 mAh BatteryDimensity 9400 Processor1 Year Manufacturer Warranty for Device and 6 Months Manufacturer Warranty for Inbox Accessories
232,"OPPO A3 5G (Nebula Red, 128 GB)","₹15,999",6 GB RAM | 128 GB ROM | Expandable Upto 2 TB16.94 cm (6.67 inch) HD+ Display50MP Rear Camera | 5MP Front Camera5100 mAh BatteryDimensity 6300 Processor1 Year Manufacturer Warranty for Device and 6 Months Manufacturer Warranty for Inbox Accessories
233,"OPPO Find X8 5G (Star Grey, 256 GB)","₹69,999",12 GB RAM | 256 GB ROM16.74 cm (6.59 inch) Full HD+ AMOLED Display50MP + 50MP + 50MP | 32MP Front Camera5630 mAh BatteryDimensity 9400 Processor1 Year Manufacturer Warranty for Device and 6 Months Manufacturer Warranty for Inbox Accessories
234,"OPPO A79 5G (Glowing Green, 128 GB)","₹17,499","8 GB RAM | 128 GB ROM | Expandable Upto 1 TB17.07 cm (6.72 inch) Full HD+ DisplayRear Camera: 50MP AI Camera, 2MP Portrait Camera Front Camera: 8MP Selfie Camera | 8MP Front Camera5000 mAh Lithium Polymer BatteryMediatek Dimensity 6020 ProcessorBefore going on the market, the product has gone through 6 tests, namely drop, anti-splash, radiation, weather, slight drop, and signal tests, and 5 safety protection steps, namely durability, fire and flame retardant, temperature protection, noise safety, and battery protection. 50-plus production-related checks, 130-plus ultra-stringent reliability tests, and 320-plus comprehensive testing processes, just to provide OPPO enduring craftsmanship and quality.
[1-Meter Directional Drop Test]
[150-Circle Tumbling Test]
[14,000 Micro-Drop Test]
[Water-Spray Test]
[1,000 25Kg Soft Pressure Tests]
[Stress Bending Test]
[500,000 On Button Press Tests]
[20,000 USB Plug/Unplug Tests]
[65°C 95%RH 168H High Temperature and High Humidity Test]
[100,000-Plus Rigorous Quality Tests]
* The data here refers to laboratory test data only and is not intended for quality assurance in daily use. The actual situation will be slightly different due to different test software versions, test environments, and versions.12 Months on Handset and 6 Months on Adapter & Cable"
235,"OPPO A3x (Nebula Red, 128 GB)","₹9,999",4 GB RAM | 128 GB ROM | Expandable Upto 1 TB16.94 cm (6.67 inch) HD+ Display8MP Rear Camera | 5MP Front Camera5100 mAh Battery6s 4G Gen1 Processor1 Year Manufacturer Warranty for Device and 6 Months Manufacturer Warranty for Inbox Accessories
236,"OPPO Reno 12 5G (Astro Silver, 256 GB)","₹32,999",8 GB RAM | 256 GB ROM | Expandable Upto 1 TB17.02 cm (6.7 inch) Full HD+ Display50MP + 8MP + 2MP | 32MP Front Camera5000 mAh BatteryDimensity 7300 Energy Processor1 Year Manufacturer Warranty for Device and 6 Months Manufacturer Warranty for Inbox Accessories
237,"OPPO F27 5G (Amber Orange, 256 GB)","₹22,999",8 GB RAM | 256 GB ROM | Expandable Upto 2 TB16.94 cm (6.67 inch) Full HD+ Display50MP + 2MP | 32MP Front Camera5000 mAh BatteryDimensity 6300 Processor1 Year Manufacturer Warranty for Device and 6 Months Manufacturer Warranty for Inbox Accessories
238,"OPPO A3 Pro 5G (Moonlight Purple, 128 GB)","₹17,999",8 GB RAM | 128 GB ROM | Expandable Upto 1 TB16.94 cm (6.67 inch) Display50MP + 2MP | 8MP Front Camera5100 mAh BatteryDimensity 6300 5G Mobile Platform Processor1 Year Manufacturer Warranty for Device and 6 Months Manufacturer Warranty for Inbox Accessories
239,"OPPO F27 Pro+ (Midnight Navy, 256 GB)","₹27,999",8 GB RAM | 256 GB ROM17.02 cm (6.7 inch) Full HD+ Display64MP + 2MP | 8MP Front Camera5000 mAh BatteryDimensity 7050 Processor1 Year Manufacturer Warranty for Device and 6 Months Manufacturer Warranty for Inbox Accessories
